itemId,item,due_intensity
0,"1/4 Sheet White Cake with Buttercream Frosting, 55 oz",1.0
499,jiffy-foil-pan,1.0
490,hersheys-candy,1.0
491,hersheys-syrup,1.0
492,home-select-foil,1.0
493,hormel-pepperoni,1.0
494,hs-regular-bacon,1.0
495,hswt-thk-bacon,1.0
496,hubba-bubba-gum,1.0
497,hugbi-pies,1.0
498,ittibitz-cookeandcrm,1.0
500,jimmy-dean-bacon,1.0
465,fairlife-milk,1.0
501,jimmy-dean-sausage,1.0
502,jonny-cat-liners,1.0
503,kand1-diced-tomatoes,1.0
504,kandl-canned-beans,1.0
505,kandl-canned-veggie,1.0
506,kandl-cf-egg-dzn,1.0
507,kandl-corn,1.0
508,kandl-diced-tomatoes,1.0
509,kandl-edamame,1.0
489,hc-cafe-steamers,1.0
488,hallmark-item,1.0
487,ground-beef-rnd,1.0
486,ground-beef,1.0
467,fbrz-air-ocean,1.0
468,fbrz-air-refresher,1.0
469,folgers-coffee,1.0
470,fresh-meats,1.0
471,fresh-strawberries,1.0
472,fried-ckn-8pc,1.0
473,fritos-dip,1.0
474,gain-lq-hec-oxi-wd,1.0
475,gatorade-beverage,1.0
476,gevalia-kaffe-kcup,1.0
477,glico-bscuit-stick,1.0
478,gm-wffl-tst-crnc,1.0
479,gold-peak-tea,1.0
480,golden-flake-skins,1.0
481,good2grow-100-jce,1.0
482,gortons-fsh-fillet,1.0
483,goya-milk,1.0
484,green-bell-pepper,1.0
485,greens-bot,1.0
510,kandl-green-beans,1.0
511,kandl-kidney-beans,1.0
512,kandl-pasta-sauce,1.0
535,lipton-soup-mix,1.0
537,little-debbie-snck,1.0
538,little-hug-drink,1.0
539,lnf-remix,1.0
540,london-broil,1.0
541,lotus-cookie-buttr,1.0
542,lss-toothpaste,1.0
543,lttl-debbie-donuts,1.0
544,lunchables-snack,1.0
545,magazine,1.0
546,manda-sausage,1.0
547,mandarins,1.0
548,mandms-candies,1.0
549,maruchan-ramen-sup,1.0
550,master-of-mixes-mx,1.0
551,mayfield-icecream,1.0
552,mayo,1.0
553,mc-taco-seasoning,1.0
554,mccormick-seasonng,1.0
555,mccormick-ssng-mix,1.0
536,little-debbie-foot,1.0
534,libbys-peas,1.0
513,kandl-peas-and-carrots,1.0
533,lght-n-flffy-ndle,1.0
514,kandl-potatoes,1.0
515,kandl-ricotta-cheese,1.0
516,kandl-sugar,1.0
517,kandl-sweet-peas,1.0
518,kandl-tomato-paste,1.0
519,kandl-winter-mix,1.0
520,kellogg-apl-jck-gt,1.0
521,kellogg-raisin-bra,1.0
522,kevins-thai-style,1.0
523,kgl-corn,1.0
524,kgl-kidney-beans,1.0
525,kgl-peanuts,1.0
526,kinder-bueno,1.0
527,kinder-joy-treat,1.0
528,knorr-rice-sides,1.0
529,know-and-love-herb-c,1.0
530,kool-aid-drinks,1.0
531,kraft-mac-and-cheese,1.0
532,krustz-pancake-mix,1.0
466,fanta-soda,1.0
464,fabuloso-cleaner,1.0
557,mids-sausage-piz2z,1.0
406,bluebonnet-margrne,1.0
397,bb-mini-swirl-cone,1.0
398,be-sf-slt-peppr-br,1.0
399,be-sf-winter-blend,1.0
400,beef-cubed-steak,1.0
401,bernards-hny-bear,1.0
402,betty-crcekr-potato,1.0
403,bhf-carrots,1.0
404,blue-bell-icecream,1.0
405,blue-runner-beans,1.0
407,body-armor-drink,1.0
463,essentials-plates,1.0
408,bodyarmor-160z-fru,1.0
409,bomb-pop-popsicles,1.0
410,boneless-pork-ribs,1.0
411,bread,1.0
412,broccoli-florets,1.0
413,bros-nat-strawbs,1.0
414,bushs-best-beans,1.0
415,butterball-turkey,1.0
416,campbells-soup,1.0
396,banquet-sausage,1.0
395,bagel-bites-chs-and,1.0
394,bacon-inst-grits,1.0
393,axe-bergamot-body,1.0
374,Winter Coffee Shop Kcups and Syrups Set,1.0
375,"Wonder Nation ""Unicorn"" Childrens LCD Watch with Flashlight in Purple (WN4272WM)",1.0
376,"Wonderful Pistachios, Roasted and Salted In-Shell Nuts, 5oz Bag",1.0
377,"Your Zone 48"" x 20"" Ribbed Body Pillow with Removable Cover, Pink",1.0
378,"Zatarain's No Artificial Flavors Blackened Chicken Alfredo Frozen Dinner, 10.5 oz Box",1.0
379,aandh-frsh-boost,1.0
380,aandh-frsh-escp,1.0
381,aandh-scent-boosters,1.0
382,alm-petit-four,1.0
383,andes-snap-bar,1.0
384,annie-chuns-bowl,1.0
385,apple-jack-donut,1.0
386,arizona-tea,1.0
387,arm-and-hammer-dtgnt,1.0
388,armour-crunchers,1.0
389,armour-lunchmakers,1.0
390,armour-meatballs,1.0
391,arrid-deodorant,1.0
392,assume-its-butter,1.0
417,cascade-lemon-9ct,1.0
418,cauliflower,1.0
419,cc-oil-spread,1.0
442,crystal-light-mix,1.0
444,daisy-french-onion,1.0
445,daisy-sour-cream,1.0
446,dandw-salami,1.0
447,dandw-turkey,1.0
448,danimals-smoothie,1.0
449,degree-dry-spray,1.0
450,dewafelbakkr-pncks,1.0
451,diet-bargs-rt-beer,1.0
452,digiorno-pizza,1.0
453,dole-can-pineapple,1.0
454,dole-shred-lettuce,1.0
455,dole-slcd-strwbry,1.0
456,doritos-trtlla-chp,1.0
457,dr-pepper-12pk,1.0
458,dr-pepper-2002,1.0
459,dr-pepper-soda,1.0
460,edwards-pies,1.0
461,eggs,1.0
462,essentials-cookies,1.0
443,cupcakes-6ct,1.0
441,crab-leg-surimi,1.0
420,cc-sparkling-water,1.0
440,corn,1.0
421,celery,1.0
422,celsius-spklng-kiw,1.0
423,cheese,1.0
424,cheetos,1.0
425,cheez-it-crackers,1.0
426,chef-boyardee-psta,1.0
427,chek-root-beer,1.0
428,chek-soda,1.0
429,chicken,1.0
430,chips-ahoy-cookies,1.0
431,chisesi-ham,1.0
432,chix-breast-tender,1.0
433,chse-vrty-inst-grt,1.0
434,chuck-steak,1.0
435,cilantro,1.0
436,cinnagraham-cereal,1.0
437,cocoa-krispies-crl,1.0
438,coffee-mate-creamr,1.0
439,coke,1.0
556,mentos-mint,1.0
558,milk,1.0
372,"White Sandwich Bread, 20 oz",1.0
685,si-starburst-straw,1.0
676,seg-sour-cream,1.0
677,seg-sprklng-water,1.0
678,seg-sthr-hmst-stik,1.0
679,seg-sthrn-hmstyle,1.0
680,seg-turkey,1.0
681,seg-water,1.0
682,seg-water-enhancer,1.0
683,seg-whipped-toppng,1.0
684,si-starburst-cherr,1.0
686,sliced-strwberries,1.0
651,seg-eraser-pads,1.0
687,slim-jim-jerky,1.0
688,smuckers-jelly,1.0
689,smuckers-spread,1.0
690,smuckers-uncrstbl,1.0
691,snack-pack-pudding,1.0
692,sno-balls-to-go,1.0
693,snuggle-sheets,1.0
694,sow-good-candy,1.0
695,spaghettios-pasta,1.0
675,seg-soup-stock,1.0
674,seg-slcd-mushrooms,1.0
673,seg-seasoning-mix,1.0
672,seg-sauce,1.0
653,seg-fudge-bar,1.0
654,seg-grape-tomatoes,1.0
655,seg-gravy-mix,1.0
656,seg-green-grapes,1.0
657,seg-ham,1.0
658,seg-hbsc-eldrbry,1.0
659,seg-ic-sandwich,1.0
660,seg-ice-cream,1.0
661,seg-ice-cream-cone,1.0
662,seg-ice-cream-cup,1.0
663,seg-jumbo-biscuit,1.0
664,seg-marshmallows,1.0
665,seg-mixed-grapes,1.0
666,seg-orange-cream,1.0
667,seg-parchment-ppr,1.0
668,seg-pasta,1.0
669,seg-pasta-sauce,1.0
670,seg-picante-sauce,1.0
671,seg-pnck-pouch,1.0
696,sparkling-ice-wtr,1.0
697,sprite-soda,1.0
698,strawberries,1.0
721,usda-chce-stw-meat,1.0
723,watermelon,1.0
724,watermelon-slices,1.0
725,wd-10pc-dark,1.0
726,wheat-thins-crackr,1.0
727,whoppers-candy,1.0
728,wht-thns-sndrd-tmt,1.0
729,wr-apples,1.0
730,wr-asparagus,1.0
731,wr-bananas,1.0
732,wr-hotline-by-lb,1.0
733,wr-jumbo-sweet-onions,1.0
734,wr-jumbo-yellow-onion,1.0
735,wr-russet-potato,1.0
736,wr-sweet-potatoes,1.0
737,wr-tomatoes,1.0
738,wr-vine-ripe-tomato,1.0
739,yellow-corn,1.0
740,yocrunch-yogurt,1.0
741,yogurt,1.0
722,wat-cat-litter,1.0
720,twix-cookie-bars,1.0
699,strbucks-frppccino,1.0
719,twister-punch,1.0
700,suave-sweet-pea-bw,1.0
701,success-rice,1.0
702,sunmaid-raisins,1.0
703,tastykake-pastries,1.0
704,tastykake-pie,1.0
705,taylor-farms-green,1.0
706,tf-green-beans,1.0
707,th-neapoltn-ic,1.0
708,tic-tac-mints,1.0
709,tidy-cats-litter,1.0
710,top-care-nitetime,1.0
711,top-round-steak,1.0
712,top-sirloin-steak,1.0
713,topcare-acid-rdcr,1.0
714,topcare-liquid-r1f,1.0
715,topcare-nighttime,1.0
716,tostitos-trtl-chps,1.0
717,tum-e-yummies-drnk,1.0
718,turkey-creek-snack,1.0
652,seg-fruit-punch,1.0
650,seg-distilled-watr,1.0
559,milk-strw,1.0
592,op-produce-dept-key,1.0
583,oikos-remix,1.0
584,old-ep-taco-kit,1.0
585,om-basics-ham-amer,1.0
586,om-basics-turkey-a,1.0
587,on-the-border-chip,1.0
588,on-the-border-dip,1.0
589,onn 32GB Class 10 U1 SDHC Flash Memory Card,1.0
590,"onn Fixed TV Wall Mount for 32"" to 86"" TVs, holds up to 120 lbs",1.0
591,"onn On-Ear Headphones, Pink",1.0
593,oreo-gldn-frsh-stk,1.0
649,seg-cutlery,1.0
594,oscar-mayer-lnchbl,1.0
595,oui-yogurt,1.0
596,pam-cooking-spray,1.0
597,pasta-roni-pasta,1.0
598,pearl-millng-syrup,1.0
599,peter-pan-crnch-pe,1.0
600,peter-pan-pnt-bttr,1.0
601,philadlph-crm-chse,1.0
602,pictsweet-vegetble,1.0
582,nyb-garlic-bread,1.0
581,nutella-spread,1.0
580,nutella-snack-pack,1.0
579,nutella-biscuits,1.0
560,mini-carnation,1.0
561,mini-ss-tongs-2ct,1.0
562,mini-valentine-2-t,1.0
563,minute-maid-drink,1.0
564,mission-chips,1.0
565,mission-tortillas,1.0
566,mix-melon-chunks,1.0
567,mixed-grapes,1.0
568,mm-pb-mini-shr-sz,1.0
569,monster-energy,1.0
570,monster-enrgy-drnk,1.0
571,monster-ultra-fant,1.0
572,mr-sushi-shelf-item,1.0
573,msg-brownie-bc,1.0
574,nabisco-mini-varty,1.0
575,nissin-noodle-soup,1.0
576,nissin-sf-f-kor-ch,1.0
577,nissin-sf-hon-chkn,1.0
578,noosa-yogurt,1.0
603,pillsbury-biscuits,1.0
604,pork-chops,1.0
605,pork-shoulder,1.0
628,se-grocers-broth,1.0
630,se-grocers-foil,1.0
631,se-grocers-juice,1.0
632,se-grocers-oats,1.0
633,se-grocers-olives,1.0
634,se-grocers-pasta,1.0
635,se-grocers-peanuts,1.0
636,se-grocers-pickles,1.0
637,se-grocers-pizza,1.0
638,se-grocers-soup,1.0
639,se-grocers-syrup,1.0
640,seg-100-juice,1.0
641,seg-alfredo-sauce,1.0
642,seg-aluminum-foil,1.0
643,seg-bagel-bites,1.0
644,seg-boil-n-bag,1.0
645,seg-breadsticks,1.0
646,seg-canned-fruit,1.0
647,seg-crm-chs-spread,1.0
648,seg-croutons,1.0
629,se-grocers-buns,1.0
627,scott-bthrm-tissue,1.0
606,powerade-8pk,1.0
626,scent-boosters,1.0
607,powerade-drink,1.0
608,pringles-chips,1.0
609,produce-cucumbers,1.0
610,psf-skillet-vgtbls,1.0
611,puffs-tissues,1.0
612,pure-life-6pk,1.0
613,pwrde-sports-drink,1.0
614,quaker-instnt-grts,1.0
615,quaker-rice-crisps,1.0
616,red-baron-pizza,1.0
617,reddi-wip,1.0
618,reeses-candy,1.0
619,rght-grd-ddrnt,1.0
620,ritz-crackers,1.0
621,romaine-hearts,1.0
622,rosina-meatballs,1.0
623,sargento-cheese,1.0
624,sausage,1.0
625,sb-trpl-shot-rich,1.0
373,"Wild Harvest Daily Blend for Cockatiels, Hookbills and Lovebirds, 2 lb",1.0
371,"Wheat Thins Original Snacks, Whole Grain Wheat Crackers, Snack Crackers, 8.5 oz",1.0
1,12cookiecake,1.0
127,"Fresh Red Cherries, 2.25 lb Bag",1.0
118,"Frankford SpongeBob SquarePants Krabby Patties Original Flavor Gummy Candy Tube, Christmas, 1.6 oz",1.0
119,"Freezer Guard Double Zipper Freezer Bags, Gallon, 40 Count",1.0
120,"Fresh Banana, Each",1.0
121,"Fresh Broccoli Crowns, Each",1.0
122,"Fresh Cauliflower, Each",1.0
123,"Fresh Celery Stalk, Each",1.0
124,"Fresh Cucumber, Each",1.0
125,"Fresh Green and Vibrant Cilantro, Bunch",1.0
126,"Fresh Personal Watermelon, Each",1.0
128,"Fresh Red Seedless Grapes from California, Bag (2.25 lbs/Bag Est.)",1.0
93,"Elmer's Disappearing Purple School Glue Sticks, Washable, 0.21 Ounce Glue Sticks, 6 Count",1.0
129,"Fresh Roma Tomato, Each",1.0
130,"Fresh Seal Double Zipper Sandwich Bags, 100 Count",1.0
131,"Fresh Seal Double Zipper Storage Bags, Gallon, 20 Count",1.0
132,"Fresh Seal Quart Storage Double Zipper Bags, 25 Count",1.0
133,"Fresh Slicing Tomato, Each",1.0
134,Fresh Sweet Corn on the Cob (1 each),1.0
135,"Fresh Whole Carrots, 1 lb Bag",1.0
136,"Fresh Whole Sweet Onion, Each",1.0
137,"Fresh-Cut Lilies Flower Bunch, 3 Stems, Colors Vary",1.0
117,"Frankford SpongeBob SquarePants Krabby Patties Easter Original Gummy Candy Box, 2.19oz",1.0
116,"Flex Seal Aerosol Liquid Rubber Sealant Coating, 14 oz, Gray",1.0
115,"Fingerlings Interactive Baby Monkey Charli, 70+ Sounds & Reactions, Heart Lights Up, Fuzzy Faux Fur, Reacts to Touch (Ages 5+)",1.0
114,"Febreze BATH Air Freshener, Odor-Fighting, Ocean Scent, 2 Count",1.0
95,"Equate Arthritis Pain Reliever Gel 1% Diclofenac Sodium, 3.53 oz, Compare to Voltaren Arthritis Pain Active Ingredient",1.0
96,"Equate Beauty Charcoal Pore Strips for Nose and Face, 14 Count",1.0
97,"Equate Blue Mint Antiseptic Mouthwash for Bad Breath & Plaque Oral Care, 500 mL, Compare to Listerine Cool Mint Active Ingredients",1.0
98,"Equate Children's Multi-Symptom Cold Liquid, Very Berry Flavor, Ages 4 to 12 Years, 4 fl oz, Compare to Children's Mucinex Multi-Symptom Cold Active Ingredients",1.0
99,"Equate Easy Grip Pill Crusher, Colors May Vary",1.0
100,"Equate Elastics, Assorted Colors, for Ponytail, Braids, or Buns (72 Count)",1.0
101,"Equate Jock Itch Relief Powder Spray Miconazole Nitrate 2% Antifungal, 4.6 oz, Compare to Lotrimin AF Active Ingredient",1.0
102,"Equate Men's 5 Blade Refills, Cartridges Fit Equate 5 Blade & Gillette Fusion Handles (4 Count)",1.0
103,"Equate Moisturizing Hand Sanitizer, 32 oz",1.0
104,"Equate Nighttime Cold & Flu Liquid Medicine, Cough & Cold Medicine, Cherry, 12 fl oz",1.0
105,"Equate No Drip Severe Congestion Nasal Mist Oxymetazoline HCl 0.05% Decongestant, 12 Hour Relief, 1 fl oz, Compare to Afrin",1.0
106,"Equate Sport Broad Spectrum Sunscreen Spray, SPF 50, 5.5 oz",1.0
107,"Equate Sport Sunscreen Spray SPF 50, 9.1 oz",1.0
108,"Equate Sport Sunscreen Spray, SPF 30, 11 oz, 2 Count",1.0
109,"Everyday Soft Facial Tissues, 1 Cube Carton, 80 Tissues per Cube, 2-Ply",1.0
110,"Everyday Strong Paper Towels, Split Sheets, 2 Double Rolls, Compare to Sparkle",1.0
111,Expert Gardener 8-Pattern Rear Trigger Watering Nozzle,1.0
112,"Extra Butter Flavored Microwave Popcorn, 2.55 oz, 3 Count",1.0
113,"Fanta Orange Soda Pop, 20 fl oz Bottle",1.0
138,"Fresh-Cut Mixed Carnations Flower Bunch, Minimum 8 Stems, Colors Vary",1.0
139,"Fruit Cocktail in Juice, 15 oz",1.0
140,"Fruity King Mini Soda, Fruit Punch Flavor, 5.75 Fl Oz",1.0
163,Hanes Comfort Fit Scrubs Women's Scrub Joggers New Ebony M,1.0
165,"Healthy Choice Caf Steamers Chicken Margherita With Balsamic, Frozen Meal, 9.5 oz. Bowl",1.0
166,"Healthy Choice Caf Steamers Sweet Sesame Chicken, Frozen Meal, 9.75 oz. Bowl",1.0
167,"Heavy Duty Aluminum Foil, 50 Sq ft",1.0
168,Hello Hobby Chenille M Pink Patch,1.0
169,"Hello Hobby Large Black and White Plastic Wiggly Eyes, 12-Pack",1.0
170,"Herbal Essences Rose Hips Smooth Conditioner, Travel Size, 3.38 fl oz",1.0
171,"Herbal Essences Rose Hips Smooth Shampoo, All Hair Types, 3.38 fl oz Travel Size",1.0
172,"Hi Peach Layne Holiday 2024 World's Largest Bath Bomb Bar, One in a Melon Scent, 3.57 lbs",1.0
173,"Hickory Smoked Lower Sodium Bacon, 16 oz",1.0
174,"Hillshire Farm Smoked Sausage, 14 oz, Fully Cooked",1.0
175,"Hillshire Farm Ultra Thin Honey Ham Lunchmeat, 9 oz Plastic Tub, Refrigerated",1.0
176,"Home Logic 1.8 Bushel Hip Grip Plastic Laundry Basket, Teal, Adult / Tween",1.0
177,"Hopscotch Lane My Baby Dolls Plastic Travel Crib, Baby Doll Accessory, Children Ages 2+",1.0
178,"Hot & Ready-to-Eat Chicken Egg Roll, 2.82 oz",1.0
179,"Hot & Ready-to-Eat Fresh Corn, 4 oz",1.0
180,"Hot & Ready-to-Eat Fried Chicken Leg, 1 Count",1.0
181,"Hunts Garlic & Herb Pasta Sauce, 24 oz. Can",1.0
182,"International Delight Caramel Macchiato Cold Foam Coffee Creamer, 14 oz Can",1.0
183,"Irish Spring Original Deodorant Bar Soap for Men, With Flaxseed Oil, 3.7 oz Bar (4 Pack)",1.0
164,"Hanes Womens Underwear 6-Pack, Super Stretch Panties, Comfort Flex Fit Underwear for Women",1.0
162,"Hamburger Buns, 11 oz, 8 Count",1.0
141,"Fruity King Mini Soda, Orange, 5.75 Fl Oz",1.0
161,"Halloween Purple and Black Web Plastic Table Cover, Partyware Tablecloth, 84 L x 54 W,, by Way To Celebrate",1.0
142,"Fruity King Mini Soda, Pineapple, 5.75 Fl Oz",1.0
143,"Gain Ultra Oxi Liquid Laundry Detergent, Waterfall Delight Scent, 88 fl oz, 61 Loads",1.0
144,"Garden Vegetable Cream Cheese Spread, 8 oz Tub",1.0
145,"Garlic Powder, 3.4 oz",1.0
146,,1.0
147,"Gatorade Zero Sports Drinks, Berry/Glacier Cherry/Glacier Freeze Variety Pack, 12 fl oz, 18 Count",1.0
148,"Gelatin Dessert, Strawberry, 6 oz",1.0
149,"George Men's & Big Men's 9"" Eboard Shorts",1.0
150,"George Men's & Big Men's Cargo E-Board Shorts, 9"" Inseam, Size S-3XL",1.0
151,,1.0
152,"Glow Necklaces, Multicolored, 4 Count, by Way To Celebrate",1.0
153,"Goodnites Girls Nighttime Bedwetting Underwear, S/M (43-68 lbs), 14 Count (Select for More)",1.0
154,"Goody Ouchless Satin Scrunchies, For All Hair Types, Neutral Assortment, 5 Ct",1.0
155,"Guidry's Creole Seasoning, 16 oz",1.0
156,"HARIBO Gummy Candy, Fruity Watermelon Gummies, 6.3 oz, Share Size Bag",1.0
157,"HORMEL BLACK LABEL Bacon, Gluten Free, Fully Cooked, Shelf Stable, 2.52 oz Plastic Package",1.0
158,Hallmark 12-Pack Valentine's Day Plastic Goodie Bags (Bright Stripes),1.0
159,Hallmark Assorted Multicolored 5-Pack Christmas 11.42 In. Gift Box Bundle (Merry Fun),1.0
160,Hallmark Birthday Greeting Card,1.0
94,"Eos Lip Balm Set- Island Coconut & Vanilla Frappe, 0.14 oz, Pack of 2",1.0
92,"Elbows, 16 oz",1.0
185,"Italian-Style Petite Diced Tomatoes with Basil, Garlic and Oregano, 14.5 oz",1.0
34,"Bodycology Winter Plum Shea Sugar Scrub, 5.29 oz",1.0
25,"Baby Bottle Pop, Twisters, Assorted Fruity Flavors, Chewy Candy, 2.7 oz, Bottle",1.0
26,"Baby Yoda Use The Force Kids Throw, 46 x 60, Microfiber, Blue, Star Wars",1.0
27,"Best Party Ever Edible Glitter Confetti Popper, Cake Topper, Blue 2 Pack, 3.5 Inches Wide",1.0
28,"Bestway Tritech Air Mattress Queen 12"" with Built-in AC Pump",1.0
29,"Black and White, 2-Ply Paper Towels, White, 88 Sheets",1.0
30,"Blue Bonnet Original Vegetable Oil Spread Sticks, 16 oz (4 Sticks)",1.0
31,"Blue Runner Creole Cream Style Red Beans, 27 oz Can, Heat and Serve",1.0
32,"Bluescape Blue 10 ft Family Inflatable Swimming Pool, Round, Age 6 & up, Unisex",1.0
33,"Bodycology Hawaiian Beach Fizzy Bath Set, 4 Pieces",1.0
35,"Bone-in Ham Steak, 1 Pack, Hardwood Smoked",1.0
91,"Easy@Home Marijuana Single Panel Drug Test, 12 Pack",1.0
36,"Bruce's Canned Yams Cut Sweet Potatoes in Splenda, 40 oz",1.0
37,"Bunny Bread Old Fashioned, Enriched Sliced White Bread, 24 oz Loaf",1.0
38,"Butter Flavor Flaky Jumbo Biscuits, 8 Count",1.0
39,"Buttermilk Pancakes, 16.5 oz, 12 Count (Frozen)",1.0
40,"Cascade Platinum Dishwasher Pods, Dishwasher Detergent, Dish Detergent Soap, Lemon, 12 Count",1.0
41,"Cat's Pride Scented Scoopable Cat Litter, 12 lb Jug",1.0
42,"Cheese Dip & Breadsticks Snacks, 1 oz, 5 Count",1.0
43,Cheetos Puffs Cheese Flavored Snacks 2.5 Ounce Bag,1.0
44,"Cheez-It Original Cheese Crackers, Baked Snack Crackers, 12 Count",1.0
24,"BIC Soleil Women's 3-Blade Disposable Razors, 4 Count, with Soothing Moisture Strip",1.0
23,"BAND-AID Brand Bandages for Kids, Disney Characters, Assorted, 20 Count",1.0
22,,1.0
21,"Au Jus Gravy Mix, 1 oz",1.0
2,15ct-oatmeal-raisi,1.0
3,18ct-variety-mix,1.0
4,4-star-roast-beef,1.0
5,60 Inch Grogu with Bat Star Wars for Halloween by Airblown Inflatables,1.0
6,6ct-buttercream-cu,1.0
7,"80% Lean / 20% Fat Ground Beef Chuck, 1 lb Tray, Fresh, All Natural*",1.0
8,"80% Lean / 20% Fat Ground Beef Chuck, 2.25 lb Tray, Fresh, All Natural*",1.0
9,"8CT 9"" FOIL DAISY",1.0
10,"90% Lean / 10% Fat Ground Beef Sirloin, 1 lb Tray, Fresh, All Natural*",1.0
11,"93% Lean / 7% Fat Lean Ground Beef, 1 lb Tray, Fresh, All Natural*",1.0
12,"ARM & HAMMER Naturals Clumping Cat Litter With Corn Fibers, Odor Control, Fresh Scent, 9 lbs",1.0
13,"Adventure Force Bite Buggy Motorized Vehicle, Gator",1.0
14,"Air Wick Plug In Scented Oil Refill Lavender & Chamomile Air Freshener, 2 Count",1.0
15,Airplus Fall Spa Aloe Llama Crew Sock Medium,1.0
16,"Alani, Cosmic Stardust, 12 fl oz, Single Can",1.0
17,"Alani, Winter Wonderland, 12 fl oz, Single Can",1.0
18,"All Natural Sour Cream, 8 oz",1.0
19,"Aluminum Foil, 25 sq ft",1.0
20,"American Greetings 10.38 in. Christmas Lunch Bag, Chevron Striped (1-Count)",1.0
45,"Cheez-It, Pringles & Rice Krispies Variety Pack Lunch Snacks, 30.1 oz, 30 Count",1.0
46,"Chive & Onion Cream Cheese Spread, 8 oz Tub",1.0
47,Chobani Flip Low-Fat Greek Yogurt Cookies and Cream 4.5 oz Cup,1.0
70,"Dial Gold Antibacterial Deodorant Bar Soap, Advanced Clean Deep Cleanse Bar, 4 oz, 4 Bars",1.0
72,"Diet Dr Pepper Soda Pop, 20 fl oz, Bottle",1.0
73,"Discovery Crystal Aquarium, Grow Your Own Crystal Model Science Kit",1.0
74,"Disinfecting Wipes, Fresh Scent, 75 Count",1.0
75,"Disney Encanto Isabela 3 inch Small Doll, Includes Accessory, for Children Ages 3+",1.0
76,Disney Lilo & Stitch Girls Comfort Slide Sandals,1.0
77,"Disney Lilo and Stitch Girl's 17"" Backpack - Blue",1.0
78,Disney Princess Beauty & the Beast Ballerina Belle Fashion Doll with Posable Arms and Legs,1.0
79,"Disney's Stitch Valentine' s Day Exchange Cards, Paper, Jumbo Stickers, Multi-Colored, 16 Count",1.0
80,"Disposable Paper Food Boat Tray 96 oz., Red, White & Blue, 2 Ct., Way to Celebrate",1.0
81,"Disposable Plastic Coffee Stirrers, Black, 250 Count",1.0
82,"Disposable Plastic Cups, Clear, 2 oz, 50 Count",1.0
83,"Dixie Ultra Disposable Paper Bowls, 20 Ounce, 25 Count",1.0
84,"Dole 100% Juice Blend, Pineapple Orange Banana Flavored, 59 Fl Oz, Carton",1.0
85,"Dove Conditioner for Women Anti Frizz & Smooth with Bio-Protein Care Technology and Shea Butter, 18 fl oz",1.0
86,"Dove Shampoo for Women Anti Frizz & Smooth with Bio-Protein Care Technology and Shea Butter, 18 fl oz",1.0
87,"Dr Teal's Body Wash Relax and Relief with Eucalyptus Spearmint, 24 fl oz",1.0
88,"Dudley's Stitch Jumbo Plastic Easter Egg Filled with Stickers and Temporary Tattoos, Egg Hunt",1.0
89,"Dunkaroos Whipped Soap, Vanilla Scent, 2.82 oz",1.0
90,"Easter Pink Paper Easter Grass, 2.25 oz, by Way To Celebrate",1.0
71,"Dial Spring Water Body Wash, Refresh & Renew, Gentle on All Skin Types, 3 fl oz",1.0
69,"Dial Gold Antibacterial Deodorant Bar Soap, Advanced Clean Deep Cleanse Bar, 4 oz, 12 Bars",1.0
48,"Cinnamon Toast Crunch Breakfast Cereal, Crispy Cinnamon Cereal, Family Size, 18.8 oz",1.0
68,"DiGiorno Stuffed Crust Cheese, Veggie, and Meat Supreme Pizza, 26.4 oz (Frozen)",1.0
49,"Cinnamon Toast Crunch Breakfast Cereal, Crispy Cinnamon Cereal, Mega Size, 29.1 oz",1.0
50,"Cirkul FitSip Blackberry Burst Flavor Cartridge, Drink Mix, 1-Pack",1.0
51,"Cirkul GoSip Berry Blue Punch Flavor Cartridge, Drink Mix, 1-Pack",1.0
52,"Classic Olive Oil, 17 fl oz",1.0
53,"Colby Jack Finely Shredded Cheese, 8 oz Bag",1.0
54,"Colgate Total Active Prevention Travel Whitening Toothpaste, Mint, 1.4 oz",1.0
55,"Complete Pancake & Waffle Mix, Buttermilk, 32 oz",1.0
56,"Crest Premium Plus Deep Clean Toothpaste, Foaming Mint, 5.2 oz",1.0
57,"Crest Scope Outlast Mouthwash, Fresh Mint, 100mL, 3.3 fl oz",1.0
58,"CritterCare Natural Paper Small Pet Bedding, Brown, 27L",1.0
59,"Crunch Pak Minecraft Sliced Sweet Apples, Fruit Snacks, Turkey Bites, and Cheez-Its, 4.35oz Tray",1.0
60,"Crush Caffeine Free Orange Soda Pop, 20 fl oz, Bottle",1.0
61,"DUDE Wipes Flushable Wipes, XL Wet Wipes for At Home Use, Unscented, 48 Count, 2 Pack",1.0
62,"Daisy Pure and Natural Light Sour Cream, 50% Less Fat, 8 oz Tub (Refrigerated)",1.0
63,"Dallies Ombre Tie Dye Birthday Candles, 12ct",1.0
64,"Dawn Platinum Liquid Dish Soap, Dishwashing Liquid, Grease Removal, Fresh Rain, 14.6oz",1.0
65,Dean's French Onion Dip 8 oz,1.0
66,"Deep Dish Cheese Pizza with Zesty Tomato Sauce, 2 Count, 11.2oz (Frozen) Allergens: milk, wheat, and soy.",1.0
67,"DiGiorno Rising Crust Supreme Meat Pizza with Cheese, Pepperoni, Beef, and Sausage, 29.3 oz (Frozen)",1.0
184,"Irish Spring Original Moisturizing Body Wash for Men, 24-Hour Fresh, Face and Body Wash, Mens Body Wash, Biodegradable Ingredients, Paraben Free, Cool Fresh Scent, 20 fl oz Bottle",1.0
186,"Jif Creamy Peanut Butter, 16-Ounce Jar",1.0
370,What Do You Meme? Greeting Cards - Congratulations Card (Sheep),1.0
313,Skittles Gummies Original Gummy Candy - 5.8 oz Bag,1.0
304,"Sargento Sliced Baby Swiss Natural Cheese, 11 slices",1.0
305,"Scotch Magic Tape Dispenser, Clear, in. x 325 in., 3 Dispensers",1.0
306,"Scott 1000 Toilet Paper, 4 Rolls, 1,000 Sheets per Roll",1.0
307,"Seasonal Fruit Tray, 40 oz",1.0
308,"Secret Invisible Solid Antiperspirant and Deodorant Stick, Powder Fresh, 0.5 oz",1.0
309,"Sensory FX Sticks, Sold Separately, Styles May Vary, Kids Toys for Ages 4 up",1.0
310,"Sharp Cheddar Finely Shredded Cheese, 8 oz Bag",1.0
311,"Sharpie Tank-Style Highlighters, Chisel Tip, Assorted, 4 Count",1.0
312,Silicone Lined Oven Glove,1.0
314,"Sliced Black Olives, 2.25 oz",1.0
279,"Prima Della Oven Roasted Turkey Breast, Deli Sliced",1.0
315,"Slim Jim Smoked Meat Sticks, Mild Flavor, 6g Protein Per Serving, Snack Size, Stocking Stuffer, 0.28 oz. (14 Count)",1.0
316,"Smucker's Squeeze Strawberry Fruit Spread, 20 oz",1.0
317,"Softsoap Limited Edition Liquid Hand Soap, Red Apple Scent, 6.25 fl oz Pump Bottle",1.0
318,"Soothing Lotion Facial Tissues, 1 Cube Carton, 75 Tissues per Cube",1.0
319,"SpaghettiOs Canned Pasta with Meatballs, 15.6 oz Can",1.0
320,"SpaghettiOs Super Mario Bros Canned Pasta with Meatballs, 15.6 oz Can",1.0
321,"Sparkling Ice Naturally Flavored Sparkling Water, Black Raspberry 17 fl oz",1.0
322,"Sparkling Ice Naturally Flavored Sparkling Water, Kiwi Strawberry 17 Fl Oz",1.0
323,"Special Kitty Lightweight and Scoopable Clumping Cat Litter, Fresh Scent, 8.5 lb",1.0
303,"Sara Lee Premium Meats Gluten Free Honey Roasted Turkey Breast, Deli Sliced",1.0
302,"Sanderson Farms Fresh Chicken Thighs, Family Pack, 22g Protein, 4oz 112g, 4.6 - 6.0 lb",1.0
301,"Sam's Purified Drinking Water, 20 fl oz, 28 Count Bottles",1.0
300,"Sam's Choice Stuffed Crust Supreme Frozen Pizza, 33.2 oz",1.0
281,"Puffs Ultra Soft Facial Tissues, 2 Mega Cube Boxes, 72 Tissues per Box",1.0
282,"Pumpkin Squishy Toy, Orange, 2.5"", Halloween by Way To Celebrate",1.0
283,"Purified Drinking Water, 16.9 Fl. Oz., 40 Count",1.0
284,"Purified Drinking Water, 16.9 fl oz, 24 Count",1.0
285,"Push Pop Easter Candy Lollipop with Toy Topper, Assorted Fruit Flavors, 1 Count",1.0
286,"Q-tips Cotton Swabs, Hygiene Shield, For First Aid, Beauty and Baby, 100% Cotton, 300 Count",1.0
287,"Quaker Instant Oatmeal, Variety, 12.1 oz, 8 Count",1.0
288,"RITZ Fresh Stacks Original Crackers, Travel Snacks, 11.8 oz (8 Multi Snack Packs)",1.0
289,"RITZ Toasted Chips Sour Cream and Onion Crackers, Party Snacks, 8.1 oz",1.0
290,"Ratio Protein Yogurt Cultured Dairy Snack, Strawberry Cheesecake, 25g Protein, 5.3 oz",1.0
291,"Reduced Calorie Sugar Free Syrup, 24 fl oz",1.0
292,"Reduced Sodium Brown Gravy Mix, 0.87 oz",1.0
293,Reg Gasoline Unleaded,1.0
294,"Revlon ColorSilk Permanent Hair Color, Bond Repair Complex, 55 Light Reddish Brown, 1 pack",1.0
295,"Rice Krispies Treats Original with Holiday Sprinkles Chewy Mini Marshmallow Cereal Bars, Kids Snacks, 12.4 oz, 32 Count",1.0
296,"Rice a Roni Rice Pasta Rice Pilaf, 7.2 oz",1.0
297,"River Road Blackened Seasoning, 4.25 oz Jar",1.0
298,"Rubbermaid TakeAlongs 2.9 Cup On the Go Square Food Storage Containers, Set of 4, Teal Splash",1.0
299,"Russet Baking Potatoes Whole Fresh, Each",1.0
324,"Special Kitty Scoopable Tight Clumping Cat Litter, Fresh Scent, 20 lb",1.0
325,"Sprite Lemon Lime Soda Pop, 12 fl oz, 24 Pack Cans",1.0
326,"Squishmallow Girls Cotton Brief Character Underwear, 7-Pack, Size 4-8",1.0
349,"Town House FlipSides Original Oven Baked Crackers, Lunch Snacks, 9.2 oz",1.0
351,"Tree Hut Pink Hibiscus Shea Butter Sugar Body Scrub, 18 oz",1.0
352,"Tropicana Pure Premium 100% Orange Juice Original, No Pulp, Low Acid, 46 fl oz bottle",1.0
353,"Tropicana Twister Fruit Punch Flavored Juice Drink, Pulp-Free, 59 oz Carton",1.0
354,"Tyson White Meat Chicken Nuggets, 29 oz (Frozen, Fully Cooked)",1.0
355,"Valentine's Day Red Paper Shred, 1.25 oz, by Way To Celebrate",1.0
356,"Vanilla Flavor Wafer Cookies, 8 oz",1.0
357,Vibrant Life 24L Cedar Wood Pet Bedding,1.0
358,"Vibrant Life Heavy Duty Jumbo Drawstring Litter Pan Liners, 5 Count",1.0
359,"Vibrant Life Pine Wood Pet Bedding for Small Pets & Chickens, 24 L Bag",1.0
360,"Vibrant Life Small Animal Bedding, White Paper, 36 L Bag",1.0
361,Vitakraft Menu Premium Guinea Pig Food 4Lb,1.0
362,"WOW String 2.5oz, Royal Blue",1.0
363,"Wahl Color Pro Plus Haircut Kit, Power-Drive , Corded - 79752T",1.0
364,"Way To Celebrate Easter Fidge Notebook, Marble Rainbow",1.0
365,"Way To Celebrate Easter Pastel Mix Plastic Easter Grass, 3 oz",1.0
366,Way To Celebrate Multi-Color Birthday Ribbon - Great Way to Celebrate a Girl's Birthday!,1.0
367,Way to Celebrate Women's Lucky Mama Graphic T-Shirt,1.0
368,"Way to Celebrate! Bright Stripes Birthday Paper Luncheon Napkins, 6.5in, 16ct",1.0
369,Well All Over Glitter Silver,1.0
350,"Tree Hut Coconut Lime Shea Butter Sugar Body Scrub, 18 oz",1.0
348,"Tomato Basil Garlic Pasta Sauce, 24 oz",1.0
327,"Squishmallows Easter Mystery Squad 4\"" Capsule One Color Chosen at Random 1 Mystery Plush in Capsule",1.0
347,Time and Tru Women's Faux Leather Mary Jane Flats,1.0
328,Squishmallows Official Kellytoy 8 Inch Soft Plush Squishy Toy Animals (Maddie the Crab),1.0
329,Star Wars Mandalorian Baby Yoda Unisex Children's LCD Watch in Green - MNL4124WM,1.0
330,Starburst Zero Sugar Singles-to-Go Powdered Drink Mix All Pink Strawberry 6 Count Packets,1.0
331,"Stitch Girls Cotton Brief Character Underwear, 7-Pack, Size 4-8",1.0
332,"Strawberry Lemonade, 16 fl oz",1.0
333,"Suave Professionals Micellar Infusion 2-in-1 Shampoo & Conditioner, Moisturizing, All Hair Types, 28 fl oz",1.0
334,Sun-Maid Strawberry & Vanilla Yogurt Covered Raisins 6-Pack/1oz Cartons,1.0
335,Sun-Maid Vanilla Yogurt Covered Raisins 6-Pack/1oz Cartons,1.0
336,"Sweet Mini Peppers, Each",1.0
337,"Taco Bell Soft Taco Cravings Kit with 10 Soft Tortillas, Taco Bell Mild Sauce & Seasoning, 14.8 oz Box",1.0
338,"Tartar Sauce, 12 fl oz",1.0
339,"Temptations Classic Seafood Medley Flavor Crunchy And Soft Treats For Cats, 3 Oz Pouch",1.0
340,Terra & Sky Women's Plus Size V Neck T-Shirt with Short Sleeves,1.0
341,Terra & Sky Women's Plus Size V-Neck Tee with Short Sleeves,1.0
342,"Thames & Kosmos I Dig It! Dino - Egg Excavation Kit, Stem Science Toy for Elementary School Kids Ages 5+",1.0
343,"The First Years Disney Mickey Mouse Insulated Sippy Cup, 9 Oz 2 Pack",1.0
344,The First Years Disney Mickey Mouse Toddler Forks and Spoon Set 3 Dishwasher Safe Utensils,1.0
345,"Thomas' Everything Bagels, 6 count, 10g Protein, Kosher Bagels, 20 oz Bag",1.0
346,Time And Tru Women's Elbow Sleeve T-Shirt,1.0
280,"Pringles Original Potato Crisps Chips, Lunch Snacks, 2.3 oz Canister",1.0
278,"Prima Della Fully Cooked off-the-Bone Ham, Deli Sliced",1.0
187,"Jimmy Dean Cinnamon French Toast & Sausage on a Stick, 30 oz, 12 Ct (Frozen)",1.0
220,"Marketside French Style Cheesecake Mousse, 5.25 oz",1.0
211,"Little Debbie Glazed Mini Donuts, 10.5 oz",1.0
212,"Little Debbie Powdered Mini Donuts, 10 oz",1.0
213,"Little Debbie Single Serve Iced Honey Buns, 4 oz",1.0
214,"Low-Splash Bleach, 81 fl oz",1.0
215,"Lucky Charms Gluten Free Cereal with Marshmallows, Kids Cereal, Family Size, 18.6 oz",1.0
216,"Lucky Charms Minis Cereal with Marshmallows, Kids Breakfast Cereal, Family Size, 18.6 oz",1.0
217,"Lysol All Purpose Spray Cleaner for Sanitizing and Disinfecting, Lemon, 32 oz, 2 pack",1.0
218,Lysol Disinfecting Wipes - (1 Lemon + 1 Brand New Day Mango & Hibiscus + 1 Crisp Linen) 4/(3x35) count,1.0
219,"Marketside Cookies & Cream Flavored Cake Pops, Ready to Eat, 2 Count per Pack",1.0
221,"Marketside Fresh Asiago Cheese Bagels, Wheat and Barley Flour, Shelf-Stable, 22.8 oz, 6 Count",1.0
277,"Pork Center Cut Loin Chops Thin Boneless, 1.0 - 2.5 lb, Tray",1.0
222,"Marketside Iced Lemon Sliced Loaf Cake, 14.1 oz, 8 Count",1.0
223,"Marketside Ultimate Meat Traditional Crust Pizza, Marinara Sauce, Medium, 12 in, 32.1 oz (Fresh)",1.0
224,"Medium Soft Taco Flour Tortillas, 17.5 oz Bag, 10 Count (Shelf Stable)",1.0
225,"Milo's Famous Sweet Iced Tea, 100% Natural, 128 fl oz",1.0
226,Mini Brands Disney Store Series 2 Capsule Novelty and Gag Toy by ZURU,1.0
227,"Monopoly Disney Stitch Edition Board Game, Officially Licensed Disney Game, Holiday Gifts for Kids, Ages 8 and Up (Walmart Exclusive)",1.0
228,"Monster Energy, Zero Ultra, Sugar Free Energy Drink, 16 Fl Oz",1.0
229,"Multi-Color Happy Birthday Pattern Yard Sign Set, by Way To Celebrate",1.0
230,"Multi-Color Joyful Holidays Reversible Christmas Gift Wrap, 130 sq ft, 3 Count, by Holiday Time",1.0
210,"Little Debbie Blueberry Mini Muffins, 8.44 oz (5 Count)",1.0
209,"Lipton Iced Tea And Lemonade Half & Half, 16.9 fl oz, 12 Count",1.0
208,"Light Red Kidney Beans, 15.5 oz",1.0
207,"Lender's Original Plain Bagels, 6 count, Pre-sliced Refrigerated Bagels, 17.1 oz Bag",1.0
188,"Jimmy Dean Original Pancakes & Sausage on a Stick, 30 oz, 12 Count (Frozen)",1.0
189,"Jimmy Dean Pancake & Sausage on a Stick, 12.5 oz, 5 Count (Frozen)",1.0
190,"Johnson's Baby Bedtime Cream, No Added Parabens, 8 oz",1.0
191,"Kaytee Forti-Diet All Natural Timothy Hay , 24 ounce",1.0
192,"Keebler Fudge Stripes, Original Shortbread Cookies Coated in Keebler Fudge, Family Size 17.3 oz",1.0
193,"Keebler Sweet Treat Variety Pack, 12-Count Box, Includes Chips Deluxe, Funables, Fudge Stripes, and Mother's Circus Animal Cookies, 11.4 oz",1.0
194,"Kellogg's Froot Loops Cold Breakfast Cereal Cup, Fruit Flavored, Breakfast Snacks with Vitamin C, Original, 1.5oz Cup (1 Cup)",1.0
195,"Kellogg's Frosted Flakes Cold Breakfast Cereal Cup, 8 Vitamins and Minerals, Kids Snacks, Original, 2.1oz Cup (1 Cup)",1.0
196,"Kellogg's Variety Pack Sweet and Salty, Lunch Snacks, 20 Count",1.0
197,"Kinetic Sand, SquishMotion Playset with 1lb Play Sand, Stamper & 5 Tools",1.0
198,"King's Hawaiian Original Hawaiian Sweet Mini Sub Rolls 6 Count, 12 oz, Shelf-Stable",1.0
199,"Kitty Diggin's Fragrance-Free Cat Litter, 7 lbs",1.0
200,"Kool-Aid Jammers Tropical Punch Zero Sugar Kids Drink Juice Box Pouches, 10 Ct Box, 6 fl oz Pouches, Liquids",1.0
201,"Kraft Original Mac N Cheese Dinner, 7.25 oz Box, Shelf-Stable",1.0
202,"Kraft Singles American Slices, 16 ct Pack",1.0
203,"Lay's Classic Potato Chips Snack Chips, 1 Ounce Bag",1.0
204,"Lay's Wavy Potato Chips, Original Flavor, 7.75 oz Bag",1.0
205,Lee Women's Regular Fit Comfort Waist Straight Woven Pant,1.0
206,"Lemon Scent Disinfecting Wipes, 75 Count, 1 Lbs, 5.5 oz",1.0
231,"Multi-Color Winter Blush Self-Adhesive Christmas Gift Bows, 40 Count, by Holiday Time",1.0
232,"Multicolor Dinosaur Roarsome Birthday Paper Gift Bag, 10"" x 12"", by Way To Celebrate",1.0
233,Multicolor Foil Fringe Door Curtain Hanging Decoration 8' x 3' by Way to Celebrate,1.0
256,"Original Ricotta Cheese, 15 oz Tub",1.0
258,Oxbow Simple Harvest Western Timothy Hay 15oz.,1.0
259,"OxiClean Odor Blasters Odor and Laundry Stain Remover Liquid, 40.5 fl oz",1.0
260,"Ozark Trail Queen Air Mattress, Air Bed with Pump, 14 Inch Inflatable Air Mattress, Blow Up Bed",1.0
261,"PAAS Easter Egg Decorating and Dye Kit, Unicorn Color Whip, 1 Kit",1.0
262,PEEPS Chicks Cello Bag Kit,1.0
263,"Paper Plate, 8.5"", White, 50 Count",1.0
264,"Parent's Choice Fragrance Free Baby Wipes, 80 Count (Select for More Options)",1.0
265,"Parent's Choice Fragrance-Free Baby Wipes, 100 Count (Select for More Options)",1.0
266,,1.0
267,"Pasta Roni Butter & Garlic Angel Hair Pasta, 4.7 oz Box",1.0
268,"Pearl Milling Company Butter Light Syrup Dispenser, 24oz, Single Bottle, 24 Servings Per Container",1.0
269,"PetAg Milk Replacer Liquid for Dogs and Puppies, 32 fl oz",1.0
270,"Philadelphia No Bake Original Cheesecake Filling, 24.3 oz Tub",1.0
271,"Philadelphia Original Cream Cheese, 8 oz Block",1.0
272,"Pictsweet Farms Steam'ables Edamame with Sea Salt, Farm Favorites, Frozen Vegetables, 10 oz.",1.0
273,"Pine-Sol Multi-Surface Floor Cleaner, Lavender Clean, 24 Fluid Ounces",1.0
274,Pink 5-Piece Hairbrush Set,1.0
275,"Play Day Bubble Blower Fan, Blue, Battery Operated Bubble Maker",1.0
276,"Play Day Sidewalk Chalk, 20 Pieces, Assorted Colors.",1.0
257,"Original Syrup, 24 oz",1.0
255,"Oikos Triple Zero 15g Protein, 0g Added Sugar, Fat Free Vanilla Greek Yogurt Cup, 5.3 oz",1.0
234,"Mushroom Pasta Sauce, 24 oz",1.0
254,"Oikos Triple Zero 15g Protein, 0g Added Sugar, Fat Free Lemon Tart Greek Yogurt Cup, 5.3 oz",1.0
235,"My Life As Fashion Assortment for 18-inch Doll, Child (Doll Not Included)",1.0
236,"My Life As Laundry Room Play Set for 18"" Dolls, 6 Pieces Included",1.0
237,My Sticker Dress-Up: Swifties (Paperback),1.0
238,"Nabisco Sweet Treats Cookie Variety Pack OREO, OREO Golden & CHIPS AHOY!, 30 Snack Packs",1.0
239,"Nabisco Variety Pack, Barnum's Animal Crackers, Teddy Grahams & CHIPS AHOY! Cookies, 20 Snack Packs",1.0
240,"Neapolitan Ice Cream Sandwiches, 42 fl oz, 12 Pack",1.0
241,"Nestle Coffee Mate Non Dairy Zero Sugar Italian Sweet Creme Liquid Coffee Creamer Sugar Free, 32 fl oz Bottle",1.0
242,New Orleans Famous Sno-Balls To Go! CHERRY 16 OZ PINT SNO-BALL,1.0
243,,1.0
244,"No Sugar Added Fruit Cocktail in Water, 14.5 oz",1.0
245,"Nongshim Bowl Noodle Spicy Chicken Ramen Noodle Soup Bowl, 3.03oz X 1, Shelf-Stable",1.0
246,"Nongshim Tonkotsu Spicy Pork & Black Garlic Ramyun Premium Ramen Noodle Soup Bowl, 3.6oz X 1 Count, Shelf-Stable",1.0
247,"Nutella & Go! Hazelnut Spread with Breadsticks, On-the-Go Snack Cups, Snack Packs, 1.8 oz",1.0
248,"Nutella Hazelnut Spread with Cocoa, 1 oz Mini Glass Holiday Jar",1.0
249,"Nutter Butter Peanut Butter Sandwich Cookies, 12 Packs (4 Cookies Per Pack)",1.0
250,"OLLY Kids Chillax Gummy Supplement with Magnesium and L-Theanine, 50 Count",1.0
251,"Ocean Spray Diet Cran-Pineapple Cranberry Pineapple Juice Drink, 64 fl oz Bottle",1.0
252,"Official Pop It! Pets Season 2 Mystery Bag with 5 Pets in Each Bag for Children Ages 3+, by Buffalo Games",1.0
253,"Oikos Pro 20g Protein, Strawberry Yogurt-Cultured Dairy Product, 5.3 oz",1.0
742,zatarains-mix,1.0
