,itemId,item,due_intensity
0,604,milk,48.000404
1,455,bread,45.7599
2,742,sparkling-ice-wtr,45.458992
3,520,gatorade-beverage,43.235447
4,483,coke,42.3603
5,467,cheese,41.528023
6,723,seg-sprklng-water,36.936928
7,511,fanta-soda,35.442207
8,646,peter-pan-pnt-bttr,35.206635
9,680,se-grocers-pasta,35.16436
10,491,dandw-turkey,35.067932
11,576,kraft-mac-and-cheese,35.06421
12,501,dr-pepper-12pk,34.987682
13,722,seg-sour-cream,34.96196
14,486,crystal-light-mix,34.873688
15,568,kgl-corn,34.816658
16,431,armour-crunchers,34.806454
17,432,armour-lunchmakers,34.80005
18,679,se-grocers-olives,34.795975
19,669,sargento-cheese,34.74441
20,650,pork-chops,34.733284
21,653,powerade-drink,34.724766
22,504,edwards-pies,34.720474
23,494,dewafelbakkr-pncks,33.109962
24,557,kandl-pasta-sauce,33.101616
25,542,hugbi-pies,33.079994
26,690,seg-boil-n-bag,33.013092
27,560,kandl-ricotta-cheese,33.010647
28,734,smuckers-jelly,32.99693
29,586,lotus-cookie-buttr,32.969406
30,684,se-grocers-soup,32.91233
31,591,manda-sausage,32.90853
32,583,little-hug-drink,32.90838
33,714,seg-pasta,32.905308
34,512,fbrz-air-ocean,32.902134
35,693,seg-crm-chs-spread,32.90145
36,569,kgl-kidney-beans,32.892036
37,475,chisesi-ham,32.88718
38,668,rosina-meatballs,32.881397
39,566,kellogg-raisin-bra,32.880264
40,487,cupcakes-6ct,32.875946
41,531,ground-beef,32.875114
42,775,wht-thns-sndrd-tmt,32.87439
43,1,-blue-runner-beans,32.873947
44,449,blue-runner-beans,32.860992
45,698,seg-fruit-punch,32.836266
46,644,pearl-millng-syrup,32.834427
47,735,smuckers-spread,32.834106
48,732,sliced-strwberries,32.81842
49,552,kandl-corn,32.81694
50,470,chef-boyardee-psta,32.8093
51,683,se-grocers-pizza,32.800568
52,506,egglands-best-eggs,32.798096
53,725,seg-sthrn-hmstyle,32.793636
54,461,cascade-lemon-9ct,32.78926
55,532,ground-beef-rnd,32.78784
56,599,mc-taco-seasoning,32.78459
57,789,zatarains-mix,32.780724
58,595,maruchan-ramen-sup,32.780457
59,440,bb-mini-swirl-cone,32.77922
60,611,mission-tortillas,32.778667
61,422,aandh-frsh-boost,32.765495
62,226,"Large White Eggs, 12 Count",32.75668
63,672,scent-boosters,32.744686
64,158,"Gatorade Zero Sports Drinks, Berry/Glacier Cherry/Glacier Freeze Variety Pack, 12 fl oz, 18 Count",32.7438
65,356,"Softsoap Limited Edition Liquid Hand Soap, Red Apple Scent, 6.25 fl oz Pump Bottle",32.74299
66,139,"Fresh Red Seedless Grapes from California, Bag (2.25 lbs/Bag Est.)",32.742847
67,190,"Hillshire Farm Smoked Sausage, 14 oz, Fully Cooked",32.74266
68,497,dole-can-pineapple,32.738167
69,603,mids-sausage-piz2z,32.73699
70,728,seg-water-enhancer,32.73664
71,465,celery,32.735905
72,133,"Fresh Cauliflower, Each",32.73551
73,210,"Kellogg's Cocoa Krispies Breakfast Cereal, Kids Snacks, Family Breakfast, Family Size, Chocolatey Flavor, 19oz Box (1 Box)",32.735203
74,525,golden-flake-skins,32.73384
75,567,kevins-thai-style,32.733227
76,625,nutella-biscuits,32.733116
77,724,seg-sthr-hmst-stik,32.732346
78,721,seg-soup-stock,32.732
79,731,si-starburst-straw,32.731834
80,313,"Prima Della Oven Roasted Turkey Breast, Deli Sliced",32.730743
81,579,libbys-peas,32.73024
82,398,"Vanilla Flavor Wafer Cookies, 8 oz",32.729164
83,616,monster-enrgy-drnk,32.72885
84,788,yogurt,32.728756
85,509,fabuloso-cleaner,32.727863
86,232,"Light Red Kidney Beans, 15.5 oz",32.727028
87,224,"Kraft Original Mac N Cheese Dinner, 7.25 oz Box, Shelf-Stable",32.7265
88,539,hs-regular-bacon,32.72361
89,538,hormel-pepperoni,32.723587
90,587,lss-toothpaste,32.722084
91,492,danimals-smoothie,32.720665
92,703,seg-ham,32.72053
93,570,kgl-peanuts,32.720516
94,678,se-grocers-oats,32.719437
95,575,kool-aid-drinks,32.71875
96,95,"Dr Teal's Body Wash Relax and Relief with Eucalyptus Spearmint, 24 fl oz",32.71871
97,761,topcare-liquid-r1f,32.718056
98,615,monster-energy,32.717422
99,547,jonny-cat-liners,32.717247
100,38,"Blue Runner Creole Cream Style Red Beans, 27 oz Can, Heat and Serve",32.716995
101,589,lunchables-snack,32.716736
102,606,mini-carnation,32.714844
103,61,"Classic Olive Oil, 17 fl oz",32.713238
104,782,wr-russet-potato,32.711662
105,396,"Tyson White Meat Chicken Nuggets, 29 oz (Frozen, Fully Cooked)",32.70996
106,108,"Equate Children's Multi-Symptom Cold Liquid, Very Berry Flavor, Ages 4 to 12 Years, 4 fl oz, Compare to Children's Mucinex Multi-Symptom Cold Active Ingredients",32.708847
107,312,"Prima Della Fully Cooked off-the-Bone Ham, Deli Sliced",32.706573
108,648,pictsweet-vegetble,32.705475
109,729,seg-whipped-toppng,32.705338
110,781,wr-jumbo-yellow-onion,32.704414
111,544,jiffy-foil-pan,32.703026
112,697,seg-eraser-pads,32.701725
113,7,12cookiecake,32.701687
114,424,aandh-scent-boosters,32.69819
115,537,home-select-foil,32.6908
116,571,kinder-bueno,32.690697
117,786,yellow-corn,32.687145
118,642,pam-cooking-spray,32.686764
119,515,fresh-meats,30.931656
120,473,chicken,30.929281
121,661,quaker-rice-crisps,30.92033
122,689,seg-bagel-bites,30.920113
123,645,peter-pan-crnch-pe,30.91844
124,581,little-debbie-foot,30.910938
125,651,pork-shoulder,30.909554
126,534,hc-cafe-steamers,30.906998
127,726,seg-turkey,30.904657
128,187,"Hershey's Milk Chocolate Candy, Bar 1.55 oz",30.90381
129,304,"Pictsweet Farms Steam'ables Edamame with Sea Salt, Farm Favorites, Frozen Vegetables, 10 oz.",30.896242
130,62,"Colby Jack Finely Shredded Cheese, 8 oz Bag",30.845144
131,198,"International Delight Caramel Macchiato Cold Foam Coffee Creamer, 14 oz Can",30.838991
132,17,"93% Lean / 7% Fat Lean Ground Beef, 1 lb Tray, Fresh, All Natural*",30.837444
133,365,"Squishmallow Girls Cotton Brief Character Underwear, 7-Pack, Size 4-8",30.834507
134,401,"Vibrant Life Pine Wood Pet Bedding for Small Pets & Chickens, 24 L Bag",30.833828
135,561,kandl-sugar,30.833416
136,271,"Nestle Coffee Mate Non Dairy Zero Sugar Italian Sweet Creme Liquid Coffee Creamer Sugar Free, 32 fl oz Bottle",30.83188
137,713,seg-parchment-ppr,30.831497
138,352,"Sliced Black Olives, 2.25 oz",30.831171
139,442,be-sf-winter-blend,30.83022
140,71,"Daisy Pure and Natural Light Sour Cream, 50% Less Fat, 8 oz Tub (Refrigerated)",30.83006
141,205,"Jimmy Dean Pancake & Sausage on a Stick, 12.5 oz, 5 Count (Frozen)",30.829681
142,286,"Oikos Triple Zero 15g Protein, 0g Added Sugar, Fat Free Lemon Tart Greek Yogurt Cup, 5.3 oz",30.829264
143,564,kandl-winter-mix,30.829248
144,252,"Medium Soft Taco Flour Tortillas, 17.5 oz Bag, 10 Count (Shelf Stable)",30.828152
145,549,kandl-canned-beans,30.828117
146,330,"Reduced Sodium Brown Gravy Mix, 0.87 oz",30.826838
147,341,"Sara Lee Premium Meats Gluten Free Honey Roasted Turkey Breast, Deli Sliced",30.826569
148,720,seg-slcd-mushrooms,30.826206
149,140,"Fresh Roma Tomato, Each",30.825703
150,27,"Au Jus Gravy Mix, 1 oz",30.824986
151,147,"Fresh Whole Sweet Onion, Each",30.823963
152,733,slim-jim-jerky,30.823704
153,518,fritos-dip,30.823523
154,290,Oxbow Simple Harvest Western Timothy Hay 15oz.,30.823017
155,780,wr-jumbo-sweet-onions,30.8225
156,413,"Whatchamacallit Chocolate, Caramel and Peanut Flavored Crisps King Size Candy, Bar 2.6 oz",30.82188
157,5,-yellow-corn,30.821781
158,24,"All Natural Sour Cream, 8 oz",30.821407
159,671,sb-trpl-shot-rich,30.821175
160,460,campbells-soup,30.820602
161,402,"Vibrant Life Small Animal Bedding, White Paper, 36 L Bag",30.819883
162,687,seg-alfredo-sauce,30.819336
163,439,banquet-sausage,30.819252
164,228,"Lay's Wavy Potato Chips, Original Flavor, 7.75 oz Bag",30.819033
165,676,se-grocers-foil,30.818869
166,136,"Fresh Green and Vibrant Cilantro, Bunch",30.818562
167,74,Dean's French Onion Dip 8 oz,30.818556
168,766,twister-punch,30.818403
169,110,"Equate Elastics, Assorted Colors, for Ponytail, Braids, or Buns (72 Count)",30.817585
170,201,"Italian-Style Petite Diced Tomatoes with Basil, Garlic and Oregano, 14.5 oz",30.817146
171,478,chuck-steak,30.817123
172,180,"Healthy Choice Caf Steamers Sweet Sesame Chicken, Frozen Meal, 9.75 oz. Bowl",30.81686
173,448,blue-bell-icecream,30.81669
174,337,"Russet Baking Potatoes Whole Fresh, Each",30.816378
175,481,cocoa-krispies-crl,30.815615
176,600,mccormick-seasonng,30.814857
177,762,topcare-nighttime,30.814539
178,415,"White Sandwich Bread, 20 oz",30.813581
179,324,"RITZ Fresh Stacks Original Crackers, Travel Snacks, 11.8 oz (8 Multi Snack Packs)",30.813063
180,146,"Fresh Whole Carrots, 1 lb Bag",30.81303
181,441,be-sf-slt-peppr-br,30.812864
182,706,seg-ice-cream,30.812803
183,270,"Neapolitan Ice Cream Sandwiches, 42 fl oz, 12 Pack",30.81267
184,14,"80% Lean / 20% Fat Ground Beef Chuck, 2.25 lb Tray, Fresh, All Natural*",30.811953
185,156,"Garlic Powder, 3.4 oz",30.811836
186,73,"Dawn Platinum Liquid Dish Soap, Dishwashing Liquid, Grease Removal, Fresh Rain, 14.6oz",30.811457
187,626,nutella-snack-pack,30.809868
188,740,sow-good-candy,30.808584
189,462,cauliflower,30.80841
190,287,"Oikos Triple Zero 15g Protein, 0g Added Sugar, Fat Free Vanilla Greek Yogurt Cup, 5.3 oz",30.808323
191,758,top-round-steak,30.808044
192,632,om-basics-turkey-a,30.807625
193,285,"Oikos Pro 20g Protein, Strawberry Yogurt-Cultured Dairy Product, 5.3 oz",30.807331
194,340,"Sanderson Farms Fresh Chicken Thighs, Family Pack, 22g Protein, 4oz 112g, 4.6 - 6.0 lb",30.80646
195,51,Cheetos Puffs Cheese Flavored Snacks 2.5 Ounce Bag,30.806458
196,299,"Pasta Roni Butter & Garlic Angel Hair Pasta, 4.7 oz Box",30.806139
197,316,"Pumpkin Squishy Toy, Orange, 2.5"", Halloween by Way To Celebrate",30.803553
198,610,mission-chips,30.802402
199,179,"Healthy Choice Caf Steamers Chicken Margherita With Balsamic, Frozen Meal, 9.5 oz. Bowl",30.801884
200,183,"Hello Hobby Large Black and White Plastic Wiggly Eyes, 12-Pack",30.801666
201,503,dr-pepper-soda,30.801374
202,507,essentials-cookies,30.801258
203,649,pillsbury-biscuits,30.801163
204,328,"Ratio Protein Yogurt Cultured Dairy Snack, Strawberry Cheesecake, 25g Protein, 5.3 oz",30.800285
205,485,crab-leg-surimi,30.799437
206,44,"Bunny Bread Old Fashioned, Enriched Sliced White Bread, 24 oz Loaf",30.798693
207,777,wr-asparagus,30.7983
208,562,kandl-sweet-peas,30.797989
209,482,coffee-mate-creamr,30.796888
210,555,kandl-green-beans,30.796295
211,469,cheez-it-crackers,30.796026
212,124,"Febreze BATH Air Freshener, Odor-Fighting, Ocean Scent, 2 Count",30.795904
213,176,"Hamburger Buns, 11 oz, 8 Count",30.795591
214,498,dole-shred-lettuce,30.794077
215,652,powerade-8pk,30.792992
216,741,spaghettios-pasta,30.79297
217,554,kandl-edamame,30.792076
218,189,"Hickory Smoked Lower Sodium Bacon, 16 oz",30.791164
219,425,alm-petit-four,30.790787
220,479,cilantro,30.790628
221,427,annie-chuns-bowl,30.789122
222,48,"Cascade Platinum Dishwasher Pods, Dishwasher Detergent, Dish Detergent Soap, Lemon, 12 Count",30.788246
223,264,"Mushroom Pasta Sauce, 24 oz",30.786781
224,523,gm-wffl-tst-crnc,30.778292
225,145,Fresh Sweet Corn on the Cob (1 each),30.77723
226,719,seg-seasoning-mix,30.76855
227,378,"Tartar Sauce, 12 fl oz",30.758595
228,16,"90% Lean / 10% Fat Ground Beef Sirloin, 1 lb Tray, Fresh, All Natural*",30.73865
229,302,"Philadelphia No Bake Original Cheesecake Filling, 24.3 oz Tub",30.73389
230,72,"Dallies Ombre Tie Dye Birthday Candles, 12ct",30.733135
231,162,,30.732729
232,28,,30.731937
233,37,"Blue Bonnet Original Vegetable Oil Spread Sticks, 16 oz (4 Sticks)",30.730219
234,388,"Tomato Basil Garlic Pasta Sauce, 24 oz",30.72871
235,608,mini-valentine-2-t,30.728416
236,592,mandarins,30.72734
237,323,"REESE'S Milk Chocolate Peanut Butter Egg, Easter Candy Pack, 1.2 oz",30.727306
238,306,Pink 5-Piece Hairbrush Set,30.726658
239,281,"OLLY Kids Chillax Gummy Supplement with Magnesium and L-Theanine, 50 Count",30.726542
240,452,bodyarmor-160z-fru,30.72612
241,346,"Secret Invisible Solid Antiperspirant and Deodorant Stick, Powder Fresh, 0.5 oz",30.725933
242,368,Star Wars Mandalorian Baby Yoda Unisex Children's LCD Watch in Green - MNL4124WM,30.725704
243,246,"M&M's Peanut Butter Milk Chocolate Candy, Share Size - 2.83 oz Bag",30.724524
244,168,"HARIBO Gummy Candy, Fruity Watermelon Gummies, 6.3 oz, Share Size Bag",30.724457
245,384,The First Years Disney Mickey Mouse Toddler Forks and Spoon Set 3 Dishwasher Safe Utensils,30.724323
246,192,"Home Logic 1.8 Bushel Hip Grip Plastic Laundry Basket, Teal, Adult / Tween",30.724133
247,235,"Little Debbie Glazed Mini Donuts, 10.5 oz",30.723724
248,90,"Disposable Plastic Cups, Clear, 2 oz, 50 Count",30.723223
249,385,"Thomas' Everything Bagels, 6 count, 10g Protein, Kosher Bagels, 20 oz Bag",30.722853
250,317,"Purified Drinking Water, 16.9 Fl. Oz., 40 Count",30.722178
251,204,"Jimmy Dean Original Pancakes & Sausage on a Stick, 30 oz, 12 Count (Frozen)",30.722033
252,607,mini-ss-tongs-2ct,30.721712
253,54,"Chive & Onion Cream Cheese Spread, 8 oz Tub",30.721205
254,438,bagel-bites-chs-and,30.720818
255,406,"Way To Celebrate Easter Fidge Notebook, Marble Rainbow",30.72049
256,174,Hallmark Birthday Greeting Card,30.720402
257,329,"Reduced Calorie Sugar Free Syrup, 24 fl oz",30.719584
258,451,body-armor-drink,30.71947
259,13,"80% Lean / 20% Fat Ground Beef Chuck, 1 lb Tray, Fresh, All Natural*",30.719393
260,186,"Hershey's Kisses Milk Chocolate Christmas Candy, Plastic Cane 2.24 oz",30.719261
261,142,"Fresh Seal Double Zipper Storage Bags, Gallon, 20 Count",30.719025
262,194,"Hot & Ready-to-Eat Chicken Egg Roll, 2.82 oz",30.718266
263,638,op-produce-dept-key,30.71823
264,216,"Kinder Joy Chocolatey Egg & Surprise Toy, Fun Easter Basket & Egg Hunt, 0.7 oz",30.718002
265,172,Hallmark 12-Pack Valentine's Day Plastic Goodie Bags (Bright Stripes),30.717972
266,630,old-ep-taco-kit,30.717741
267,47,"CRUNCH Candy Bar, Creamy Milk Chocolate with Crunchy Crisped Rice, 4 Piece Share Pack, 2.7 oz",30.71771
268,407,"Way To Celebrate Easter Pastel Mix Plastic Easter Grass, 3 oz",30.71768
269,783,wr-sweet-potatoes,30.717634
270,670,sausage,30.717472
271,103,"Elmer's Disappearing Purple School Glue Sticks, Washable, 0.21 Ounce Glue Sticks, 6 Count",30.717438
272,2,-dr-pepper-12pk,30.717192
273,115,"Equate No Drip Severe Congestion Nasal Mist Oxymetazoline HCl 0.05% Decongestant, 12 Hour Relief, 1 fl oz, Compare to Afrin",30.716934
274,709,seg-jumbo-biscuit,30.71677
275,262,"Multicolor Dinosaur Roarsome Birthday Paper Gift Bag, 10"" x 12"", by Way To Celebrate",30.716759
276,207,"Kaytee Forti-Diet All Natural Timothy Hay , 24 ounce",30.716614
277,240,"Lucky Charms Minis Cereal with Marshmallows, Kids Breakfast Cereal, Family Size, 18.6 oz",30.716612
278,327,"RUSSELL STOVER Easter Solid Milk Chocolate Easter Bunny, 7 oz.",30.716589
279,100,"Easy@Home Marijuana Single Panel Drug Test, 12 Pack",30.716515
280,623,nissin-sf-hon-chkn,30.716465
281,217,"Kinetic Sand, SquishMotion Playset with 1lb Play Sand, Stamper & 5 Tools",30.716444
282,116,"Equate Sport Broad Spectrum Sunscreen Spray, SPF 50, 5.5 oz",30.716145
283,9,18ct-variety-mix,30.716084
284,307,"Pirouline Chocolate Hazelnut Creme Filled Wafer Cookies, 3.5oz Tin. Holiday Gifts.",30.715874
285,321,"Quaker Instant Oatmeal, Variety, 12.1 oz, 8 Count",30.715687
286,178,"Hanes Womens Underwear 6-Pack, Super Stretch Panties, Comfort Flex Fit Underwear for Women",30.715387
287,245,M&M's Minis Milk Chocolate Mega Christmas Tube - 1.77 oz,30.71526
288,106,"Equate Beauty Charcoal Pore Strips for Nose and Face, 14 Count",30.715223
289,593,mandms-candies,30.715008
290,743,sprite-soda,30.714779
291,536,hersheys-syrup,30.714685
292,364,"Sprite Lemon Lime Soda Pop, 12 fl oz, 24 Pack Cans",30.714615
293,308,"Play Day Bubble Blower Fan, Blue, Battery Operated Bubble Maker",30.7146
294,268,"Nabisco Sweet Treats Cookie Variety Pack OREO, OREO Golden & CHIPS AHOY!, 30 Snack Packs",30.714573
295,193,"Hopscotch Lane My Baby Dolls Plastic Travel Crib, Baby Doll Accessory, Children Ages 2+",30.714003
296,39,"Bluescape Blue 10 ft Family Inflatable Swimming Pool, Round, Age 6 & up, Unisex",30.71376
297,188,"Hi Peach Layne Holiday 2024 World's Largest Bath Bomb Bar, One in a Melon Scent, 3.57 lbs",30.713684
298,135,"Fresh Cucumber, Each",30.713573
299,128,"Frankford SpongeBob SquarePants Krabby Patties Easter Original Gummy Candy Box, 2.19oz",30.7135
300,152,"Fruity King Mini Soda, Orange, 5.75 Fl Oz",30.713245
301,418,"Wonder Nation ""Unicorn"" Childrens LCD Watch with Flashlight in Purple (WN4272WM)",30.712927
302,563,kandl-tomato-paste,30.712698
303,476,chix-breast-tender,30.71263
304,322,"REESE'S Milk Chocolate King Size Peanut Butter Eggs, Easter Candy Pack, 2.4 oz",30.712261
305,88,"Disposable Paper Food Boat Tray 96 oz., Red, White & Blue, 2 Ct., Way to Celebrate",30.712011
306,429,arizona-tea,30.711998
307,704,seg-hbsc-eldrbry,30.711843
308,18,"ARM & HAMMER Naturals Clumping Cat Litter With Corn Fibers, Odor Control, Fresh Scent, 9 lbs",30.71178
309,419,"Wonderful Pistachios, Roasted and Salted In-Shell Nuts, 5oz Bag",30.711725
310,122,"Extra Butter Flavored Microwave Popcorn, 2.55 oz, 3 Count",30.711313
311,171,"HORMEL BLACK LABEL Bacon, Gluten Free, Fully Cooked, Shelf Stable, 2.52 oz Plastic Package",30.711308
312,409,Way to Celebrate Women's Lucky Mama Graphic T-Shirt,30.711231
313,634,on-the-border-dip,30.71105
314,521,gevalia-kaffe-kcup,30.711033
315,636,"onn Fixed TV Wall Mount for 32"" to 86"" TVs, holds up to 120 lbs",30.711018
316,222,"Kitty Diggin's Fragrance-Free Cat Litter, 7 lbs",30.710808
317,254,"Milo's Famous Sweet Iced Tea, 100% Natural, 128 fl oz",30.710798
318,86,Disney Princess Beauty & the Beast Ballerina Belle Fashion Doll with Posable Arms and Legs,30.710724
319,12,6ct-buttercream-cu,30.710716
320,123,"Fanta Orange Soda Pop, 20 fl oz Bottle",30.710485
321,319,"Push Pop Easter Candy Lollipop with Toy Topper, Assorted Fruit Flavors, 1 Count",30.710379
322,301,"PetAg Milk Replacer Liquid for Dogs and Puppies, 32 fl oz",30.710377
323,132,"Fresh Broccoli Crowns, Each",30.710176
324,331,Reg Gasoline Unleaded,30.710175
325,412,What Do You Meme? Greeting Cards - Congratulations Card (Sheep),30.710138
326,390,"Tree Hut Coconut Lime Shea Butter Sugar Body Scrub, 18 oz",30.710136
327,98,"Dunkaroos Whipped Soap, Vanilla Scent, 2.82 oz",30.710085
328,361,"Sparkling Ice Naturally Flavored Sparkling Water, Kiwi Strawberry 17 Fl Oz",30.709997
329,26,"American Greetings 10.38 in. Christmas Lunch Bag, Chevron Striped (1-Count)",30.709984
330,641,oui-yogurt,30.709864
331,367,Squishmallows Official Kellytoy 8 Inch Soft Plush Squishy Toy Animals (Maddie the Crab),30.709837
332,594,mars-chocolate,30.70982
333,273,"New York Style & Chocolate Marble Cheesecake, 6 oz, 2 Slices",30.709784
334,151,"Fruity King Mini Soda, Fruit Punch Flavor, 5.75 Fl Oz",30.709778
335,104,"Eos Lip Balm Set- Island Coconut & Vanilla Frappe, 0.14 oz, Pack of 2",30.709599
336,387,Time and Tru Women's Faux Leather Mary Jane Flats,30.709444
337,258,"Multi-Color Easter Confetti Eggs, 12 Count, by Way to Celebrate",30.709324
338,325,"RITZ Toasted Chips Sour Cream and Onion Crackers, Party Snacks, 8.1 oz",30.709114
339,231,"Lender's Original Plain Bagels, 6 count, Pre-sliced Refrigerated Bagels, 17.1 oz Bag",30.709057
340,255,Mini Brands Disney Store Series 2 Capsule Novelty and Gag Toy by ZURU,30.709044
341,295,"Paper Plate, 8.5"", White, 50 Count",30.709042
342,79,"Dial Spring Water Body Wash, Refresh & Renew, Gentle on All Skin Types, 3 fl oz",30.708973
343,779,wr-hotline-by-lb,30.708912
344,239,"Lucky Charms Gluten Free Cereal with Marshmallows, Kids Cereal, Family Size, 18.6 oz",30.708899
345,457,bros-nat-strawbs,30.708866
346,635,onn 32GB Class 10 U1 SDHC Flash Memory Card,30.708721
347,573,knorr-rice-sides,30.708656
348,129,"Frankford SpongeBob SquarePants Krabby Patties Original Flavor Gummy Candy Tube, Christmas, 1.6 oz",30.708456
349,233,"Lipton Iced Tea And Lemonade Half & Half, 16.9 fl oz, 12 Count",30.708342
350,41,"Bodycology Winter Plum Shea Sugar Scrub, 5.29 oz",30.708284
351,358,"SpaghettiOs Canned Pasta with Meatballs, 15.6 oz Can",30.708279
352,770,watermelon,30.708145
353,208,"Keebler Fudge Stripes, Original Shortbread Cookies Coated in Keebler Fudge, Family Size 17.3 oz",30.707653
354,203,"Jimmy Dean Cinnamon French Toast & Sausage on a Stick, 30 oz, 12 Ct (Frozen)",30.707567
355,199,"Irish Spring Original Deodorant Bar Soap for Men, With Flaxseed Oil, 3.7 oz Bar (4 Pack)",30.707535
356,80,"Diet Dr Pepper Soda Pop, 20 fl oz, Bottle",30.707502
357,338,"Sam's Choice Stuffed Crust Supreme Frozen Pizza, 33.2 oz",30.70739
358,58,"Cinnamon Toast Crunch Breakfast Cereal, Crispy Cinnamon Cereal, Mega Size, 29.1 oz",30.707323
359,303,"Philadelphia Original Cream Cheese, 8 oz Block",30.707191
360,354,"Smucker's Squeeze Strawberry Fruit Spread, 20 oz",30.707188
361,8,15ct-oatmeal-raisi,30.70707
362,349,"Sharpie Tank-Style Highlighters, Chisel Tip, Assorted, 4 Count",30.707062
363,91,"Dixie Ultra Disposable Paper Bowls, 20 Ounce, 25 Count",30.706903
364,293,"PAAS Easter Egg Decorating and Dye Kit, Unicorn Color Whip, 1 Kit",30.706879
365,380,Terra & Sky Women's Plus Size V Neck T-Shirt with Short Sleeves,30.70687
366,359,"SpaghettiOs Super Mario Bros Canned Pasta with Meatballs, 15.6 oz Can",30.706823
367,750,tastykake-pastries,30.706793
368,82,"Disinfecting Wipes, Fresh Scent, 75 Count",30.706764
369,227,"Lay's Classic Potato Chips Snack Chips, 1 Ounce Bag",30.706572
370,357,"Soothing Lotion Facial Tissues, 1 Cube Carton, 75 Tissues per Cube",30.706566
371,214,"Kinder Bueno Milk Chocolate & Hazelnut Cream Candy Bar, 4 Individually Wrapped 0.75 oz Bars Per Pack, Perfect for Easter Gifting",30.706345
372,393,"Tropicana Pure Premium 100% Orange Juice Original, No Pulp, Low Acid, 46 fl oz bottle",30.706223
373,191,"Hillshire Farm Ultra Thin Honey Ham Lunchmeat, 9 oz Plastic Tub, Refrigerated",30.706213
374,52,"Cheez-It Original Cheese Crackers, Baked Snack Crackers, 12 Count",30.706207
375,344,"Scott 1000 Toilet Paper, 4 Rolls, 1,000 Sheets per Roll",30.70615
376,410,"Way to Celebrate! Bright Stripes Birthday Paper Luncheon Napkins, 6.5in, 16ct",30.706118
377,6,"1/4 Sheet White Cake with Buttercream Frosting, 55 oz",30.70598
378,717,seg-pnck-pouch,30.70591
379,269,"Nabisco Variety Pack, Barnum's Animal Crackers, Teddy Grahams & CHIPS AHOY! Cookies, 20 Snack Packs",30.705734
380,414,"Wheat Thins Original Snacks, Whole Grain Wheat Crackers, Snack Crackers, 8.5 oz",30.705683
381,527,gortons-fsh-fillet,30.70541
382,280,"Nutter Butter Peanut Butter Sandwich Cookies, 12 Packs (4 Cookies Per Pack)",30.705328
383,89,"Disposable Plastic Coffee Stirrers, Black, 250 Count",30.705324
384,274,,30.7053
385,244,"M&M'S Valentines Day Milk Chocolate Candies, MINIS Candy Valentine Tube - 1.77oz",30.705185
386,620,nabisco-mini-varty,30.70518
387,298,,30.705162
388,63,"Colgate Total Active Prevention Travel Whitening Toothpaste, Mint, 1.4 oz",30.704916
389,747,success-rice,30.704826
390,15,"8CT 9"" FOIL DAISY",30.704588
391,144,"Fresh Slicing Tomato, Each",30.70455
392,160,"George Men's & Big Men's 9"" Eboard Shorts",30.704514
393,771,watermelon-slices,30.70418
394,416,"Wild Harvest Daily Blend for Cockatiels, Hookbills and Lovebirds, 2 lb",30.70412
395,637,"onn On-Ear Headphones, Pink",30.70384
396,389,"Town House FlipSides Original Oven Baked Crackers, Lunch Snacks, 9.2 oz",30.703472
397,426,andes-snap-bar,30.703426
398,643,pasta-roni-pasta,30.703331
399,300,"Pearl Milling Company Butter Light Syrup Dispenser, 24oz, Single Bottle, 24 Servings Per Container",30.703224
400,229,Lee Women's Regular Fit Comfort Waist Straight Woven Pant,30.703115
401,505,egglands-best-egg,30.703062
402,543,ittibitz-cookeandcrm,30.702711
403,784,wr-tomatoes,30.702606
404,343,"Scotch Magic Tape Dispenser, Clear, in. x 325 in., 3 Dispensers",30.7026
405,463,cc-oil-spread,30.702585
406,309,"Play Day Sidewalk Chalk, 20 Pieces, Assorted Colors.",30.702362
407,249,"Marketside Fresh Asiago Cheese Bagels, Wheat and Barley Flour, Shelf-Stable, 22.8 oz, 6 Count",30.702288
408,276,"Nongshim Bowl Noodle Spicy Chicken Ramen Noodle Soup Bowl, 3.03oz X 1, Shelf-Stable",30.702208
409,59,"Cirkul FitSip Blackberry Burst Flavor Cartridge, Drink Mix, 1-Pack",30.702095
410,242,Lysol Disinfecting Wipes - (1 Lemon + 1 Brand New Day Mango & Hibiscus + 1 Crisp Linen) 4/(3x35) count,30.70209
411,78,"Dial Gold Antibacterial Deodorant Bar Soap, Advanced Clean Deep Cleanse Bar, 4 oz, 4 Bars",30.702078
412,218,"King's Hawaiian Original Hawaiian Sweet Mini Sub Rolls 6 Count, 12 oz, Shelf-Stable",30.702045
413,42,"Bone-in Ham Steak, 1 Pack, Hardwood Smoked",30.701939
414,294,PEEPS Chicks Cello Bag Kit,30.701889
415,386,Time And Tru Women's Elbow Sleeve T-Shirt,30.701885
416,383,"The First Years Disney Mickey Mouse Insulated Sippy Cup, 9 Oz 2 Pack",30.701832
417,20,"Air Wick Plug In Scented Oil Refill Lavender & Chamomile Air Freshener, 2 Count",30.701797
418,434,arrid-deodorant,30.70178
419,320,"Q-tips Cotton Swabs, Hygiene Shield, For First Aid, Beauty and Baby, 100% Cotton, 300 Count",30.70164
420,391,"Tree Hut Pink Hibiscus Shea Butter Sugar Body Scrub, 18 oz",30.701576
421,234,"Little Debbie Blueberry Mini Muffins, 8.44 oz (5 Count)",30.701553
422,443,beef-cubed-steak,30.701515
423,546,jimmy-dean-sausage,30.701504
424,105,"Equate Arthritis Pain Reliever Gel 1% Diclofenac Sodium, 3.53 oz, Compare to Voltaren Arthritis Pain Active Ingredient",30.701351
425,127,"Frankford Hot Chocolate Color Bomb, Milk Chocolate, Green 1.23oz",30.701307
426,342,"Sargento Sliced Baby Swiss Natural Cheese, 11 slices",30.701057
427,553,kandl-diced-tomatoes,30.70102
428,484,corn,30.700962
429,382,"Thames & Kosmos I Dig It! Dino - Egg Excavation Kit, Stem Science Toy for Elementary School Kids Ages 5+",30.700909
430,111,"Equate Jock Itch Relief Powder Spray Miconazole Nitrate 2% Antifungal, 4.6 oz, Compare to Lotrimin AF Active Ingredient",30.700865
431,265,"My Life As Fashion Assortment for 18-inch Doll, Child (Doll Not Included)",30.70079
432,558,kandl-peas-and-carrots,30.700756
433,157,,30.700603
434,200,"Irish Spring Original Moisturizing Body Wash for Men, 24-Hour Fresh, Face and Body Wash, Mens Body Wash, Biodegradable Ingredients, Paraben Free, Cool Fresh Scent, 20 fl oz Bottle",30.700603
435,121,Expert Gardener 8-Pattern Rear Trigger Watering Nozzle,30.700583
436,500,doritos-trtlla-chp,30.700527
437,292,"Ozark Trail Queen Air Mattress, Air Bed with Pump, 14 Inch Inflatable Air Mattress, Blow Up Bed",30.700485
438,395,"Twix Caramel Cookie Milk Chocolate Candy Bars, Full Size - 1.79 oz Pack",30.700483
439,175,"Halloween Purple and Black Web Plastic Table Cover, Partyware Tablecloth, 84 L x 54 W,, by Way To Celebrate",30.700464
440,101,"Elbows, 16 oz",30.700153
441,663,reddi-wip,30.700151
442,102,Elmer Chocolate Assorted Chocolate Social Media Super Emoji Heart 2oz 5 Pieces,30.699827
443,350,Silicone Lined Oven Glove,30.699734
444,213,"Kellogg's Variety Pack Sweet and Salty, Lunch Snacks, 20 Count",30.699596
445,754,th-neapoltn-ic,30.699492
446,126,"Flex Seal Aerosol Liquid Rubber Sealant Coating, 14 oz, Gray",30.699154
447,336,"Rubbermaid TakeAlongs 2.9 Cup On the Go Square Food Storage Containers, Set of 4, Teal Splash",30.69888
448,375,Sun-Maid Vanilla Yogurt Covered Raisins 6-Pack/1oz Cartons,30.69886
449,318,"Purified Drinking Water, 16.9 fl oz, 24 Count",30.698788
450,92,"Dole 100% Juice Blend, Pineapple Orange Banana Flavored, 59 Fl Oz, Carton",30.698767
451,138,"Fresh Red Cherries, 2.25 lb Bag",30.698647
452,400,"Vibrant Life Heavy Duty Jumbo Drawstring Litter Pan Liners, 5 Count",30.698631
453,25,"Aluminum Foil, 25 sq ft",30.698608
454,540,hswt-thk-bacon,30.698563
455,230,"Lemon Scent Disinfecting Wipes, 75 Count, 1 Lbs, 5.5 oz",30.69856
456,459,butterball-turkey,30.698545
457,363,"Special Kitty Scoopable Tight Clumping Cat Litter, Fresh Scent, 20 lb",30.698515
458,556,kandl-kidney-beans,30.69835
459,514,folgers-coffee,30.698338
460,197,"Hunts Garlic & Herb Pasta Sauce, 24 oz. Can",30.698278
461,272,New Orleans Famous Sno-Balls To Go! CHERRY 16 OZ PINT SNO-BALL,30.698204
462,196,"Hot & Ready-to-Eat Fried Chicken Leg, 1 Count",30.698158
463,351,Skittles Gummies Original Gummy Candy - 5.8 oz Bag,30.698065
464,99,"Easter Pink Paper Easter Grass, 2.25 oz, by Way To Celebrate",30.698051
465,353,"Slim Jim Smoked Meat Sticks, Mild Flavor, 6g Protein Per Serving, Snack Size, Stocking Stuffer, 0.28 oz. (14 Count)",30.697956
466,66,"Crest Scope Outlast Mouthwash, Fresh Mint, 100mL, 3.3 fl oz",30.697947
467,94,"Dove Shampoo for Women Anti Frizz & Smooth with Bio-Protein Care Technology and Shea Butter, 18 fl oz",30.697876
468,166,"Goody Ouchless Satin Scrunchies, For All Hair Types, Neutral Assortment, 5 Ct",30.697838
469,379,"Temptations Classic Seafood Medley Flavor Crunchy And Soft Treats For Cats, 3 Oz Pouch",30.697716
470,588,lttl-debbie-donuts,30.69763
471,366,"Squishmallows Easter Mystery Squad 4\"" Capsule One Color Chosen at Random 1 Mystery Plush in Capsule",30.697495
472,619,msg-brownie-bc,30.697485
473,598,mayo,30.697481
474,362,"Special Kitty Lightweight and Scoopable Clumping Cat Litter, Fresh Scent, 8.5 lb",30.69748
475,119,"Everyday Soft Facial Tissues, 1 Cube Carton, 80 Tissues per Cube, 2-Ply",30.697428
476,326,"RM Palmer Cuddly Cuties Frog Milk Chocolate, 2.5oz Individual Bar",30.69731
477,370,Starburst Zero Sugar Singles-to-Go Powdered Drink Mix All Pink Strawberry 6 Count Packets,30.697197
478,700,seg-grape-tomatoes,30.696991
479,21,Airplus Fall Spa Aloe Llama Crew Sock Medium,30.696953
480,647,philadlph-crm-chse,30.696833
481,49,"Cat's Pride Scented Scoopable Cat Litter, 12 lb Jug",30.696823
482,215,"Kinder Bueno Milk Chocolate and Hazelnut Cream, 2 Individually Wrapped Chocolate Bars, 1.5 oz",30.69676
483,261,"Multi-Color Winter Blush Self-Adhesive Christmas Gift Bows, 40 Count, by Holiday Time",30.696634
484,682,se-grocers-pickles,30.696617
485,256,"Monopoly Disney Stitch Edition Board Game, Officially Licensed Disney Game, Holiday Gifts for Kids, Ages 8 and Up (Walmart Exclusive)",30.69651
486,125,"Fingerlings Interactive Baby Monkey Charli, 70+ Sounds & Reactions, Heart Lights Up, Fuzzy Faux Fur, Reacts to Touch (Ages 5+)",30.69651
487,282,"OREO Chocolate Sandwich Cookies, 13.29 oz",30.696228
488,141,"Fresh Seal Double Zipper Sandwich Bags, 100 Count",30.69617
489,377,"Taco Bell Soft Taco Cravings Kit with 10 Soft Tortillas, Taco Bell Mild Sauce & Seasoning, 14.8 oz Box",30.696165
490,763,tostitos-trtl-chps,30.696142
491,236,"Little Debbie Powdered Mini Donuts, 10 oz",30.69602
492,223,"Kool-Aid Jammers Tropical Punch Zero Sugar Kids Drink Juice Box Pouches, 10 Ct Box, 6 fl oz Pouches, Liquids",30.695963
493,694,seg-croutons,30.695944
494,219,"Kit Kat Milk Chocolate Wafer King Size Candy, Bar 3 oz",30.695887
495,134,"Fresh Celery Stalk, Each",30.69582
496,748,sunmaid-raisins,30.695803
497,360,"Sparkling Ice Naturally Flavored Sparkling Water, Black Raspberry 17 fl oz",30.695782
498,64,"Complete Pancake & Waffle Mix, Buttermilk, 32 oz",30.695713
499,437,bacon-inst-grits,30.695662
500,3,-sno-balls-to-go,30.695662
501,36,"Black and White, 2-Ply Paper Towels, White, 88 Sheets",30.695623
502,266,"My Life As Laundry Room Play Set for 18"" Dolls, 6 Pieces Included",30.695618
503,760,topcare-acid-rdcr,30.695553
504,339,"Sam's Purified Drinking Water, 20 fl oz, 28 Count Bottles",30.695433
505,209,"Keebler Sweet Treat Variety Pack, 12-Count Box, Includes Chips Deluxe, Funables, Fudge Stripes, and Mother's Circus Animal Cookies, 11.4 oz",30.695341
506,335,"River Road Blackened Seasoning, 4.25 oz Jar",30.69523
507,551,kandl-cf-egg-dzn,30.69515
508,53,"Cheez-It, Pringles & Rice Krispies Variety Pack Lunch Snacks, 30.1 oz, 30 Count",30.694584
509,69,"Crush Caffeine Free Orange Soda Pop, 20 fl oz, Bottle",30.694489
510,153,"Fruity King Mini Soda, Pineapple, 5.75 Fl Oz",30.694431
511,710,seg-marshmallows,30.694029
512,30,"BIC Soleil 4 Women's 4-Blade Disposable Razors, 3 Count",30.693993
513,305,"Pine-Sol Multi-Surface Floor Cleaner, Lavender Clean, 24 Fluid Ounces",30.693884
514,411,Well All Over Glitter Silver,30.693853
515,513,fbrz-air-refresher,30.693794
516,585,london-broil,30.693787
517,238,"Low-Splash Bleach, 81 fl oz",30.69329
518,260,"Multi-Color Joyful Holidays Reversible Christmas Gift Wrap, 130 sq ft, 3 Count, by Holiday Time",30.693142
519,247,"Marketside Cookies & Cream Flavored Cake Pops, Ready to Eat, 2 Count per Pack",30.69311
520,83,"Disney Encanto Isabela 3 inch Small Doll, Includes Accessory, for Children Ages 3+",30.693079
521,96,"Dudley's Stitch Jumbo Plastic Easter Egg Filled with Stickers and Temporary Tattoos, Egg Hunt",30.69299
522,345,"Seasonal Fruit Tray, 40 oz",30.692839
523,75,"DiGiorno Rising Crust Supreme Meat Pizza with Cheese, Pepperoni, Beef, and Sausage, 29.3 oz (Frozen)",30.692774
524,33,"Baby Yoda Use The Force Kids Throw, 46 x 60, Microfiber, Blue, Star Wars",30.692772
525,739,snuggle-sheets,30.692755
526,170,"HERSHEY'S KISSES Milk Chocolate, Valentine's, Candy Bag, 10.1 oz",30.692684
527,76,"DiGiorno Stuffed Crust Cheese, Veggie, and Meat Supreme Pizza, 26.4 oz (Frozen)",30.69268
528,195,"Hot & Ready-to-Eat Fresh Corn, 4 oz",30.692661
529,577,krustz-pancake-mix,30.692322
530,374,Sun-Maid Strawberry & Vanilla Yogurt Covered Raisins 6-Pack/1oz Cartons,30.69228
531,237,"Little Debbie Single Serve Iced Honey Buns, 4 oz",30.692156
532,165,"Goodnites Girls Nighttime Bedwetting Underwear, S/M (43-68 lbs), 14 Count (Select for More)",30.69214
533,466,celsius-spklng-kiw,30.692099
534,57,"Cinnamon Toast Crunch Breakfast Cereal, Crispy Cinnamon Cereal, Family Size, 18.8 oz",30.692078
535,699,seg-fudge-bar,30.692024
536,602,mentos-mint,30.691875
537,334,"Rice a Roni Rice Pasta Rice Pilaf, 7.2 oz",30.691671
538,297,"Parent's Choice Fragrance-Free Baby Wipes, 100 Count (Select for More Options)",30.691618
539,584,lnf-remix,30.69155
540,580,lipton-soup-mix,30.691355
541,453,bomb-pop-popsicles,30.691298
542,181,"Heavy Duty Aluminum Foil, 50 Sq ft",30.691284
543,182,Hello Hobby Chenille M Pink Patch,30.691187
544,163,"Glico Pocky Chocolate Covered Biscuit Sticks, 1.41 oz.",30.691072
545,656,psf-skillet-vgtbls,30.691025
546,148,"Fresh-Cut Lilies Flower Bunch, 3 Stems, Colors Vary",30.691023
547,68,"Crunch Pak Minecraft Sliced Sweet Apples, Fruit Snacks, Turkey Bites, and Cheez-Its, 4.35oz Tray",30.69093
548,711,seg-mixed-grapes,30.690872
549,578,lght-n-flffy-ndle,30.690828
550,347,"Sensory FX Sticks, Sold Separately, Styles May Vary, Kids Toys for Ages 4 up",30.690815
551,84,Disney Lilo & Stitch Girls Comfort Slide Sandals,30.69035
552,472,chek-soda,30.690285
553,493,degree-dry-spray,30.690247
554,590,magazine,30.69021
555,150,"Fruit Cocktail in Juice, 15 oz",30.690153
556,65,"Crest Premium Plus Deep Clean Toothpaste, Foaming Mint, 5.2 oz",30.690147
557,369,"Starbucks Frappuccino White Chocolate Mocha Coffee Drink, 13.7 fl oz.",30.690016
558,43,"Bruce's Canned Yams Cut Sweet Potatoes in Splenda, 40 oz",30.6899
559,206,"Johnson's Baby Bedtime Cream, No Added Parabens, 8 oz",30.689861
560,202,"Jif Creamy Peanut Butter, 16-Ounce Jar",30.689856
561,535,hersheys-candy,30.689781
562,696,seg-distilled-watr,30.68968
563,502,dr-pepper-2002,30.689655
564,35,"Bestway Tritech Air Mattress Queen 12"" with Built-in AC Pump",30.689548
565,113,"Equate Moisturizing Hand Sanitizer, 32 oz",30.689543
566,50,"Cheese Dip & Breadsticks Snacks, 1 oz, 5 Count",30.689537
567,164,"Glow Necklaces, Multicolored, 4 Count, by Way To Celebrate",30.689384
568,403,Vitakraft Menu Premium Guinea Pig Food 4Lb,30.68932
569,446,betty-crcekr-potato,30.689182
570,658,pure-life-6pk,30.689144
571,691,seg-breadsticks,30.689129
572,404,"WOW String 2.5oz, Royal Blue",30.689106
573,93,"Dove Conditioner for Women Anti Frizz & Smooth with Bio-Protein Care Technology and Shea Butter, 18 fl oz",30.689013
574,19,"Adventure Force Bite Buggy Motorized Vehicle, Gator",30.688953
575,11,60 Inch Grogu with Bat Star Wars for Halloween by Airblown Inflatables,30.68882
576,702,seg-green-grapes,30.688803
577,149,"Fresh-Cut Mixed Carnations Flower Bunch, Minimum 8 Stems, Colors Vary",30.688683
578,29,"BAND-AID Brand Bandages for Kids, Disney Characters, Assorted, 20 Count",30.688652
579,112,"Equate Men's 5 Blade Refills, Cartridges Fit Equate 5 Blade & Gillette Fusion Handles (4 Count)",30.688587
580,785,wr-vine-ripe-tomato,30.688566
581,220,"Kit Kat Milk Chocolate Wafer Snack Size Candy, Bars 0.49 oz, 5 Count",30.68849
582,667,romaine-hearts,30.68844
583,310,"Pork Center Cut Loin Chops Thin Boneless, 1.0 - 2.5 lb, Tray",30.688334
584,715,seg-pasta-sauce,30.688276
585,143,"Fresh Seal Quart Storage Double Zipper Bags, 25 Count",30.687933
586,117,"Equate Sport Sunscreen Spray SPF 50, 9.1 oz",30.687914
587,46,"Buttermilk Pancakes, 16.5 oz, 12 Count (Frozen)",30.68784
588,541,hubba-bubba-gum,30.687803
589,405,"Wahl Color Pro Plus Haircut Kit, Power-Drive , Corded - 79752T",30.687775
590,376,"Sweet Mini Peppers, Each",30.687735
591,289,"Original Syrup, 24 oz",30.687653
592,251,"Marketside Ultimate Meat Traditional Crust Pizza, Marinara Sauce, Medium, 12 in, 32.1 oz (Fresh)",30.687538
593,421,"Zatarain's No Artificial Flavors Blackened Chicken Alfredo Frozen Dinner, 10.5 oz Box",30.687529
594,565,kellogg-apl-jck-gt,30.687525
595,4,-sparkling-ice-wtr,30.687517
596,787,yocrunch-yogurt,30.687492
597,605,milk-strw,30.687263
598,221,"Kit Kat Miniatures Milk Chocolate Wafer Valentine's Candy, Gift Box 6.4 oz",30.687248
599,109,"Equate Easy Grip Pill Crusher, Colors May Vary",30.687244
600,674,se-grocers-broth,30.687225
601,137,"Fresh Personal Watermelon, Each",30.68722
602,519,gain-lq-hec-oxi-wd,30.68707
603,490,dandw-salami,30.687042
604,97,"Dunkaroos Chocolate Cookies and Double Chocolate Frosting, 1 oz, 10 ct",30.68696
605,765,turkey-creek-snack,30.686703
606,510,fairlife-milk,30.686665
607,624,noosa-yogurt,30.686655
608,744,strawberries,30.686419
609,288,"Original Ricotta Cheese, 15 oz Tub",30.686321
610,283,"Ocean Spray Diet Cran-Pineapple Cranberry Pineapple Juice Drink, 64 fl oz Bottle",30.686262
611,456,broccoli-florets,30.686172
612,756,tidy-cats-litter,30.686134
613,45,"Butter Flavor Flaky Jumbo Biscuits, 8 Count",30.685854
614,169,"HERSHEY'S KISSES Milk Chocolate Snoopy and Friends, Valentine's, Candy Bag, 9.5 oz",30.68577
615,574,know-and-love-herb-c,30.685648
616,677,se-grocers-juice,30.685596
617,614,mm-pb-mini-shr-sz,30.685436
618,450,bluebonnet-margrne,30.685272
619,495,diet-bargs-rt-beer,30.685198
620,474,chips-ahoy-cookies,30.685148
621,695,seg-cutlery,30.684996
622,0,"- Deep Dish Cheese Pizza with Zesty Tomato Sauce, 2 Count, 11.2oz (Frozen) Allergens: milk, wheat, and soy.",30.684925
623,130,"Freezer Guard Double Zipper Freezer Bags, Gallon, 40 Count",30.684881
624,757,top-care-nitetime,30.684868
625,311,"Post Cocoa PEBBLES Cereal, Chocolatey Kids Cereal, Gluten Free, Crunchy 2.0 oz Individual Cereal Cup",30.684807
626,381,Terra & Sky Women's Plus Size V-Neck Tee with Short Sleeves,30.68445
627,660,quaker-instnt-grts,30.684324
628,654,pringles-chips,30.684185
629,399,Vibrant Life 24L Cedar Wood Pet Bedding,30.684116
630,471,chek-root-beer,30.683987
631,10,4-star-roast-beef,30.683825
632,225,"Kraft Singles American Slices, 16 ct Pack",30.68365
633,372,"Strawberry Lemonade, 16 fl oz",30.683573
634,522,glico-bscuit-stick,30.6832
635,277,"Nongshim Tonkotsu Spicy Pork & Black Garlic Ramyun Premium Ramen Noodle Soup Bowl, 3.6oz X 1 Count, Shelf-Stable",30.682913
636,120,"Everyday Strong Paper Towels, Split Sheets, 2 Double Rolls, Compare to Sparkle",30.682777
637,582,little-debbie-snck,30.682652
638,508,essentials-plates,30.682558
639,355,"Snickers NFL Football Chocolate Candy Bar, Full Size - 1.86 oz Bar (Packaging May Vary)",30.682478
640,131,"Fresh Banana, Each",30.682236
641,296,"Parent's Choice Fragrance Free Baby Wipes, 80 Count (Select for More Options)",30.682167
642,155,"Garden Vegetable Cream Cheese Spread, 8 oz Tub",30.682014
643,764,tum-e-yummies-drnk,30.681948
644,628,nyb-garlic-bread,30.681725
645,655,produce-cucumbers,30.681639
646,686,seg-100-juice,30.681585
647,371,"Stitch Girls Cotton Brief Character Underwear, 7-Pack, Size 4-8",30.681362
648,60,"Cirkul GoSip Berry Blue Punch Flavor Cartridge, Drink Mix, 1-Pack",30.681297
649,107,"Equate Blue Mint Antiseptic Mouthwash for Bad Breath & Plaque Oral Care, 500 mL, Compare to Listerine Cool Mint Active Ingredients",30.681211
650,333,"Rice Krispies Treats Original with Holiday Sprinkles Chewy Mini Marshmallow Cereal Bars, Kids Snacks, 12.4 oz, 32 Count",30.681046
651,348,"Sharp Cheddar Finely Shredded Cheese, 8 oz Bag",30.680958
652,530,greens-bot,30.680721
653,85,"Disney Lilo and Stitch Girl's 17"" Backpack - Blue",30.680405
654,248,"Marketside French Style Cheesecake Mousse, 5.25 oz",30.68023
655,745,strbucks-frppccino,30.680206
656,31,"BIC Soleil Women's 3-Blade Disposable Razors, 4 Count, with Soothing Moisture Strip",30.680172
657,753,tf-green-beans,30.679855
658,430,arm-and-hammer-dtgnt,30.679817
659,177,Hanes Comfort Fit Scrubs Women's Scrub Joggers New Ebony M,30.679817
660,56,Chobani Flip Low-Fat Greek Yogurt Cookies and Cream 4.5 oz Cup,30.679802
661,639,oreo-gldn-frsh-stk,30.679684
662,664,reeses-candy,30.679659
663,34,"Best Party Ever Edible Glitter Confetti Popper, Cake Topper, Blue 2 Pack, 3.5 Inches Wide",30.679642
664,499,dole-slcd-strwbry,30.679583
665,464,cc-sparkling-water,30.679352
666,516,fresh-strawberries,30.679256
667,517,fried-ckn-8pc,30.67924
668,622,nissin-sf-f-kor-ch,30.67892
669,118,"Equate Sport Sunscreen Spray, SPF 30, 11 oz, 2 Count",30.67886
670,528,goya-milk,30.678848
671,769,wat-cat-litter,30.678787
672,701,seg-gravy-mix,30.67874
673,489,daisy-sour-cream,30.678734
674,545,jimmy-dean-bacon,30.678692
675,373,"Suave Professionals Micellar Infusion 2-in-1 Shampoo & Conditioner, Moisturizing, All Hair Types, 28 fl oz",30.678566
676,173,Hallmark Assorted Multicolored 5-Pack Christmas 11.42 In. Gift Box Bundle (Merry Fun),30.678492
677,315,"Puffs Ultra Soft Facial Tissues, 2 Mega Cube Boxes, 72 Tissues per Box",30.678108
678,167,"Guidry's Creole Seasoning, 16 oz",30.677858
679,435,assume-its-butter,30.67759
680,243,"M&M'S Milk Chocolate Candy Pouch, Sharing Size, 3.14 oz",30.677464
681,657,puffs-tissues,30.677427
682,526,good2grow-100-jce,30.677359
683,70,"DUDE Wipes Flushable Wipes, XL Wet Wipes for At Home Use, Unscented, 48 Count, 2 Pack",30.677223
684,597,mayfield-icecream,30.677011
685,447,bhf-carrots,30.676826
686,681,se-grocers-peanuts,30.676744
687,454,boneless-pork-ribs,30.676558
688,392,"Triple Chocolate Cake, Made with Hershey's, Chocolate Icing, Serves 12, 35oz (Refrigerated Dessert)",30.676554
689,688,seg-aluminum-foil,30.676537
690,161,"George Men's & Big Men's Cargo E-Board Shorts, 9"" Inseam, Size S-3XL",30.67648
691,279,"Nutella Hazelnut Spread with Cocoa, 1 oz Mini Glass Holiday Jar",30.676346
692,773,wheat-thins-crackr,30.676281
693,458,bushs-best-beans,30.676214
694,77,"Dial Gold Antibacterial Deodorant Bar Soap, Advanced Clean Deep Cleanse Bar, 4 oz, 12 Bars",30.675863
695,752,taylor-farms-green,30.675802
696,185,"Herbal Essences Rose Hips Smooth Shampoo, All Hair Types, 3.38 fl oz Travel Size",30.6753
697,253,"Milky Way Candy Milk Chocolate Bar, Share Size - 3.63 oz",30.675186
698,692,seg-canned-fruit,30.675148
699,184,"Herbal Essences Rose Hips Smooth Conditioner, Travel Size, 3.38 fl oz",30.674505
700,659,pwrde-sports-drink,30.674246
701,601,mccormick-ssng-mix,30.674152
702,423,aandh-frsh-escp,30.67404
703,436,axe-bergamot-body,30.673893
704,776,wr-apples,30.673851
705,666,ritz-crackers,30.67361
706,665,rght-grd-ddrnt,30.673538
707,617,monster-ultra-fant,30.6735
708,291,"OxiClean Odor Blasters Odor and Laundry Stain Remover Liquid, 40.5 fl oz",30.673311
709,211,"Kellogg's Froot Loops Cold Breakfast Cereal Cup, Fruit Flavored, Breakfast Snacks with Vitamin C, Original, 1.5oz Cup (1 Cup)",30.67308
710,55,Chobani Flip Low-Fat Greek Yogurt Chocolate Chip Cookie Dough 4.5 oz Cup,30.67292
711,524,gold-peak-tea,30.67285
712,259,"Multi-Color Happy Birthday Pattern Yard Sign Set, by Way To Celebrate",30.67252
713,675,se-grocers-buns,30.67243
714,496,digiorno-pizza,30.672348
715,716,seg-picante-sauce,30.672226
716,477,chse-vrty-inst-grt,30.672188
717,751,tastykake-pie,30.672134
718,284,"Official Pop It! Pets Season 2 Mystery Bag with 5 Pets in Each Bag for Children Ages 3+, by Buffalo Games",30.672085
719,417,Winter Coffee Shop Kcups and Syrups Set,30.67202
720,737,snack-pack-pudding,30.671936
721,755,tic-tac-mints,30.671917
722,81,"Discovery Crystal Aquarium, Grow Your Own Crystal Model Science Kit",30.671911
723,433,armour-meatballs,30.671581
724,749,sunny-meadows-eggs,30.67147
725,673,scott-bthrm-tissue,30.671188
726,712,seg-orange-cream,30.671164
727,420,"Your Zone 48"" x 20"" Ribbed Body Pillow with Removable Cover, Pink",30.670404
728,767,twix-cookie-bars,30.670355
729,212,"Kellogg's Frosted Flakes Cold Breakfast Cereal Cup, 8 Vitamins and Minerals, Kids Snacks, Original, 2.1oz Cup (1 Cup)",30.670265
730,596,master-of-mixes-mx,30.670021
731,621,nissin-noodle-soup,30.66989
732,250,"Marketside Iced Lemon Sliced Loaf Cake, 14.1 oz, 8 Count",30.669868
733,618,mr-sushi-shelf-item,30.669619
734,629,oikos-remix,30.669596
735,768,usda-chce-stw-meat,30.669502
736,548,kand1-diced-tomatoes,30.669022
737,22,"Alani, Cosmic Stardust, 12 fl oz, Single Can",30.668846
738,559,kandl-potatoes,30.668522
739,154,"Gain Ultra Oxi Liquid Laundry Detergent, Waterfall Delight Scent, 88 fl oz, 61 Loads",30.668304
740,640,oscar-mayer-lnchbl,30.668125
741,428,apple-jack-donut,30.667843
742,159,"Gelatin Dessert, Strawberry, 6 oz",30.66741
743,444,bernards-hny-bear,30.666372
744,550,kandl-canned-veggie,30.66624
745,275,"No Sugar Added Fruit Cocktail in Water, 14.5 oz",30.666168
746,572,kinder-joy-treat,30.66612
747,685,se-grocers-syrup,30.665676
748,87,"Disney's Stitch Valentine' s Day Exchange Cards, Paper, Jumbo Stickers, Multi-Colored, 16 Count",30.665545
749,774,whoppers-candy,30.664963
750,263,Multicolor Foil Fringe Door Curtain Hanging Decoration 8' x 3' by Way to Celebrate,30.66491
751,445,"bettergoods Chocolate Cake Pops, 5.4 oz",30.664629
752,772,wd-10pc-dark,30.664595
753,738,sno-balls-to-go,30.664402
754,529,green-bell-pepper,30.664198
755,707,seg-ice-cream-cone,30.66402
756,67,"CritterCare Natural Paper Small Pet Bedding, Brown, 27L",30.663834
757,609,minute-maid-drink,30.662945
758,718,seg-sauce,30.662708
759,631,om-basics-ham-amer,30.66248
760,736,smuckers-uncrstbl,30.662233
761,488,daisy-french-onion,30.661375
762,314,"Pringles Original Potato Crisps Chips, Lunch Snacks, 2.3 oz Canister",30.66127
763,397,"Valentine's Day Red Paper Shred, 1.25 oz, by Way To Celebrate",30.661085
764,241,"Lysol All Purpose Spray Cleaner for Sanitizing and Disinfecting, Lemon, 32 oz, 2 pack",30.660408
765,533,hallmark-item,30.660295
766,705,seg-ic-sandwich,30.659565
767,408,Way To Celebrate Multi-Color Birthday Ribbon - Great Way to Celebrate a Girl's Birthday!,30.659328
768,394,"Tropicana Twister Fruit Punch Flavored Juice Drink, Pulp-Free, 59 oz Carton",30.659086
769,468,cheetos,30.65838
770,727,seg-water,30.65815
771,332,"Revlon ColorSilk Permanent Hair Color, Bond Repair Complex, 55 Light Reddish Brown, 1 pack",30.658127
772,23,"Alani, Winter Wonderland, 12 fl oz, Single Can",30.65772
773,257,"Monster Energy, Zero Ultra, Sugar Free Energy Drink, 16 Fl Oz",30.65699
774,759,top-sirloin-steak,30.656727
775,662,red-baron-pizza,30.656567
776,633,on-the-border-chip,30.656364
777,32,"Baby Bottle Pop, Twisters, Assorted Fruity Flavors, Chewy Candy, 2.7 oz, Bottle",30.655857
778,778,wr-bananas,30.654903
779,708,seg-ice-cream-cup,30.653555
780,480,cinnagraham-cereal,30.653507
781,746,suave-sweet-pea-bw,30.652954
782,267,My Sticker Dress-Up: Swifties (Paperback),30.652792
783,730,si-starburst-cherr,30.652107
784,278,"Nutella & Go! Hazelnut Spread with Breadsticks, On-the-Go Snack Cups, Snack Packs, 1.8 oz",30.65103
785,40,"Bodycology Hawaiian Beach Fizzy Bath Set, 4 Pieces",30.646856
786,612,mix-melon-chunks,30.64457
787,613,mixed-grapes,30.643751
788,114,"Equate Nighttime Cold & Flu Liquid Medicine, Cough & Cold Medicine, Cherry, 12 fl oz",30.634813
789,627,nutella-spread,30.629292
